-- phpMyAdmin SQL Dump
-- version 4.8.3
-- https://www.phpmyadmin.net/
--
-- Host: 127.0.0.1
-- Generation Time: Feb 22, 2019 at 07:49 PM
-- Server version: 10.1.36-MariaDB
-- PHP Version: 7.2.10

SET SQL_MODE = "NO_AUTO_VALUE_ON_ZERO";
SET AUTOCOMMIT = 0;
START TRANSACTION;
SET time_zone = "+00:00";


/*!40101 SET @OLD_CHARACTER_SET_CLIENT=@@CHARACTER_SET_CLIENT */;
/*!40101 SET @OLD_CHARACTER_SET_RESULTS=@@CHARACTER_SET_RESULTS */;
/*!40101 SET @OLD_COLLATION_CONNECTION=@@COLLATION_CONNECTION */;
/*!40101 SET NAMES utf8mb4 */;

--
-- Database: `e_commerce_api`
--

-- --------------------------------------------------------

--
-- Table structure for table `migrations`
--

CREATE TABLE `migrations` (
  `id` int(10) UNSIGNED NOT NULL,
  `migration` varchar(191) COLLATE utf8mb4_unicode_ci NOT NULL,
  `batch` int(11) NOT NULL
) ENGINE=InnoDB DEFAULT CHARSET=utf8mb4 COLLATE=utf8mb4_unicode_ci;

--
-- Dumping data for table `migrations`
--

INSERT INTO `migrations` (`id`, `migration`, `batch`) VALUES
(30, '2014_10_12_000000_create_users_table', 1),
(31, '2014_10_12_100000_create_password_resets_table', 1),
(32, '2016_06_01_000001_create_oauth_auth_codes_table', 1),
(33, '2016_06_01_000002_create_oauth_access_tokens_table', 1),
(34, '2016_06_01_000003_create_oauth_refresh_tokens_table', 1),
(35, '2016_06_01_000004_create_oauth_clients_table', 1),
(36, '2016_06_01_000005_create_oauth_personal_access_clients_table', 1),
(37, '2019_02_21_071635_create_products_table', 1),
(38, '2019_02_21_071653_create_reviews_table', 1);

-- --------------------------------------------------------

--
-- Table structure for table `oauth_access_tokens`
--

CREATE TABLE `oauth_access_tokens` (
  `id` varchar(100) COLLATE utf8mb4_unicode_ci NOT NULL,
  `user_id` int(11) DEFAULT NULL,
  `client_id` int(10) UNSIGNED NOT NULL,
  `name` varchar(191) COLLATE utf8mb4_unicode_ci DEFAULT NULL,
  `scopes` text COLLATE utf8mb4_unicode_ci,
  `revoked` tinyint(1) NOT NULL,
  `created_at` timestamp NULL DEFAULT NULL,
  `updated_at` timestamp NULL DEFAULT NULL,
  `expires_at` datetime DEFAULT NULL
) ENGINE=InnoDB DEFAULT CHARSET=utf8mb4 COLLATE=utf8mb4_unicode_ci;

--
-- Dumping data for table `oauth_access_tokens`
--

INSERT INTO `oauth_access_tokens` (`id`, `user_id`, `client_id`, `name`, `scopes`, `revoked`, `created_at`, `updated_at`, `expires_at`) VALUES
('33c8e0f67425216d2e84b6d1d7cc3d0150eff105e51abdcbcde67dc5de7cc4dcd98e9dafa7723740', 4, 2, NULL, '[]', 0, '2019-02-22 11:56:16', '2019-02-22 11:56:16', '2020-02-22 17:56:16'),
('72083fa6168a90dd2dd89714b0d1d015e7ee8f87a5949a592ee983c36c9c92f5b51cf312a5ad434f', 4, 2, NULL, '[]', 0, '2019-02-22 12:03:05', '2019-02-22 12:03:05', '2020-02-22 18:03:05'),
('e4876f5c453ab2032642019a1b86b26fbf4ee916f494f2ac9de3cb5dbeba3076acabde5523b4a293', 4, 2, NULL, '[]', 0, '2019-02-22 12:02:13', '2019-02-22 12:02:13', '2020-02-22 18:02:13');

-- --------------------------------------------------------

--
-- Table structure for table `oauth_auth_codes`
--

CREATE TABLE `oauth_auth_codes` (
  `id` varchar(100) COLLATE utf8mb4_unicode_ci NOT NULL,
  `user_id` int(11) NOT NULL,
  `client_id` int(10) UNSIGNED NOT NULL,
  `scopes` text COLLATE utf8mb4_unicode_ci,
  `revoked` tinyint(1) NOT NULL,
  `expires_at` datetime DEFAULT NULL
) ENGINE=InnoDB DEFAULT CHARSET=utf8mb4 COLLATE=utf8mb4_unicode_ci;

-- --------------------------------------------------------

--
-- Table structure for table `oauth_clients`
--

CREATE TABLE `oauth_clients` (
  `id` int(10) UNSIGNED NOT NULL,
  `user_id` int(11) DEFAULT NULL,
  `name` varchar(191) COLLATE utf8mb4_unicode_ci NOT NULL,
  `secret` varchar(100) COLLATE utf8mb4_unicode_ci NOT NULL,
  `redirect` text COLLATE utf8mb4_unicode_ci NOT NULL,
  `personal_access_client` tinyint(1) NOT NULL,
  `password_client` tinyint(1) NOT NULL,
  `revoked` tinyint(1) NOT NULL,
  `created_at` timestamp NULL DEFAULT NULL,
  `updated_at` timestamp NULL DEFAULT NULL
) ENGINE=InnoDB DEFAULT CHARSET=utf8mb4 COLLATE=utf8mb4_unicode_ci;

--
-- Dumping data for table `oauth_clients`
--

INSERT INTO `oauth_clients` (`id`, `user_id`, `name`, `secret`, `redirect`, `personal_access_client`, `password_client`, `revoked`, `created_at`, `updated_at`) VALUES
(1, NULL, 'Laravel Personal Access Client', 'cdeQuQOysGGgDaciSD1ECwTuFgF3rameTBmg5Ec6', 'http://localhost', 1, 0, 0, '2019-02-22 11:47:20', '2019-02-22 11:47:20'),
(2, NULL, 'Laravel Password Grant Client', 'bCBEcFcaBOcxOtjZxm6IamHFj64HkBb1CjkhzUhT', 'http://localhost', 0, 1, 0, '2019-02-22 11:47:20', '2019-02-22 11:47:20');

-- --------------------------------------------------------

--
-- Table structure for table `oauth_personal_access_clients`
--

CREATE TABLE `oauth_personal_access_clients` (
  `id` int(10) UNSIGNED NOT NULL,
  `client_id` int(10) UNSIGNED NOT NULL,
  `created_at` timestamp NULL DEFAULT NULL,
  `updated_at` timestamp NULL DEFAULT NULL
) ENGINE=InnoDB DEFAULT CHARSET=utf8mb4 COLLATE=utf8mb4_unicode_ci;

--
-- Dumping data for table `oauth_personal_access_clients`
--

INSERT INTO `oauth_personal_access_clients` (`id`, `client_id`, `created_at`, `updated_at`) VALUES
(1, 1, '2019-02-22 11:47:20', '2019-02-22 11:47:20');

-- --------------------------------------------------------

--
-- Table structure for table `oauth_refresh_tokens`
--

CREATE TABLE `oauth_refresh_tokens` (
  `id` varchar(100) COLLATE utf8mb4_unicode_ci NOT NULL,
  `access_token_id` varchar(100) COLLATE utf8mb4_unicode_ci NOT NULL,
  `revoked` tinyint(1) NOT NULL,
  `expires_at` datetime DEFAULT NULL
) ENGINE=InnoDB DEFAULT CHARSET=utf8mb4 COLLATE=utf8mb4_unicode_ci;

--
-- Dumping data for table `oauth_refresh_tokens`
--

INSERT INTO `oauth_refresh_tokens` (`id`, `access_token_id`, `revoked`, `expires_at`) VALUES
('18b1e464c31c24adf80dcd8ddf380e9fb24ce90bd41865cd3a2a6b6fb36e75a100175487a8bda9b8', '33c8e0f67425216d2e84b6d1d7cc3d0150eff105e51abdcbcde67dc5de7cc4dcd98e9dafa7723740', 0, '2020-02-22 17:56:16'),
('66511d9618cfe50fc1f1636bd42fa021e78e0255e302c63481c71ca88aa3c984b718eb178f29a81b', '72083fa6168a90dd2dd89714b0d1d015e7ee8f87a5949a592ee983c36c9c92f5b51cf312a5ad434f', 0, '2020-02-22 18:03:05'),
('dd5749ff346e01020f21f3b402eb7eb13f27d599c858981129fb2f49c18984d7f5652cf76fe8f543', 'e4876f5c453ab2032642019a1b86b26fbf4ee916f494f2ac9de3cb5dbeba3076acabde5523b4a293', 0, '2020-02-22 18:02:13');

-- --------------------------------------------------------

--
-- Table structure for table `password_resets`
--

CREATE TABLE `password_resets` (
  `email` varchar(191) COLLATE utf8mb4_unicode_ci NOT NULL,
  `token` varchar(191) COLLATE utf8mb4_unicode_ci NOT NULL,
  `created_at` timestamp NULL DEFAULT NULL
) ENGINE=InnoDB DEFAULT CHARSET=utf8mb4 COLLATE=utf8mb4_unicode_ci;

-- --------------------------------------------------------

--
-- Table structure for table `products`
--

CREATE TABLE `products` (
  `id` int(10) UNSIGNED NOT NULL,
  `name` varchar(191) COLLATE utf8mb4_unicode_ci NOT NULL,
  `detail` text COLLATE utf8mb4_unicode_ci NOT NULL,
  `price` int(11) NOT NULL,
  `stock` int(11) NOT NULL,
  `discount` int(11) NOT NULL,
  `user_id` int(10) UNSIGNED NOT NULL,
  `created_at` timestamp NULL DEFAULT NULL,
  `updated_at` timestamp NULL DEFAULT NULL
) ENGINE=InnoDB DEFAULT CHARSET=utf8mb4 COLLATE=utf8mb4_unicode_ci;

--
-- Dumping data for table `products`
--

INSERT INTO `products` (`id`, `name`, `detail`, `price`, `stock`, `discount`, `user_id`, `created_at`, `updated_at`) VALUES
(1, 'enim', 'Quo eum porro consequatur suscipit sed harum quas. Similique autem harum sed corrupti atque. Sint quia accusamus sunt fuga.', 224, 3, 6, 4, '2019-02-22 11:42:02', '2019-02-22 11:42:02'),
(2, 'sequi', 'Quisquam sapiente rerum sunt necessitatibus. Molestias sed vel cupiditate atque sed quod. Dicta molestiae voluptatum corrupti rem ullam iusto eaque. Voluptatem voluptatem ut qui et.', 403, 0, 4, 2, '2019-02-22 11:42:02', '2019-02-22 11:42:02'),
(3, 'omnis', 'Consectetur impedit est dolorum corporis deleniti a. Perspiciatis voluptatem officia eos sunt molestias. Sint rerum libero ratione ut quia ut tempore.', 461, 4, 8, 3, '2019-02-22 11:42:02', '2019-02-22 11:42:02'),
(4, 'ut', 'Non aliquam sunt et odio in. Voluptates iste sequi quia ut quasi est esse. Rem officiis voluptatem dolorum ut. Quia sed illum qui reprehenderit.', 707, 9, 23, 4, '2019-02-22 11:42:02', '2019-02-22 11:42:02'),
(5, 'quia', 'In id omnis nesciunt quis. Recusandae quo veritatis quia quasi numquam ut. Tenetur dolorem nesciunt repellendus nostrum odio tenetur reprehenderit. Cum qui dolorem nobis sunt cupiditate expedita.', 670, 0, 29, 4, '2019-02-22 11:42:02', '2019-02-22 11:42:02'),
(6, 'sit', 'Qui quia expedita officia quia occaecati tempore. Voluptatem sapiente repellat et officia et. Quis labore est reiciendis qui eligendi. Voluptatem dolorum rem vero veniam.', 874, 6, 17, 3, '2019-02-22 11:42:02', '2019-02-22 11:42:02'),
(7, 'asperiores', 'Vel qui laudantium sapiente adipisci maxime. Ad modi ratione aut architecto.', 487, 3, 27, 1, '2019-02-22 11:42:02', '2019-02-22 11:42:02'),
(8, 'earum', 'Id molestiae sed ea quo omnis reiciendis illo. Est iure eum deserunt et molestiae est quis. Et laboriosam possimus iste molestiae quae in dignissimos est. Sit ut omnis quaerat beatae.', 634, 6, 9, 4, '2019-02-22 11:42:02', '2019-02-22 11:42:02'),
(9, 'praesentium', 'Adipisci nihil praesentium recusandae similique officia earum. Omnis qui quod et quidem optio. Ut ut maxime voluptates distinctio consequatur sint porro.', 282, 0, 5, 3, '2019-02-22 11:42:02', '2019-02-22 11:42:02'),
(10, 'Iphone X', 'Best Apple Smartphone with faceid', 100000, 10, 50, 4, '2019-02-22 11:42:02', '2019-02-22 12:05:11'),
(11, 'sequi', 'Facere impedit impedit modi aliquid modi. Quia voluptas est doloribus tenetur quis iste vel. Earum possimus consequuntur non perspiciatis.', 597, 8, 13, 3, '2019-02-22 11:42:02', '2019-02-22 11:42:02'),
(12, 'et', 'Necessitatibus deserunt nemo et blanditiis qui et consequatur aut. Repellendus et esse et enim. Inventore sed molestiae dolore.', 851, 4, 13, 2, '2019-02-22 11:42:02', '2019-02-22 11:42:02'),
(13, 'quia', 'Magni dolorem id aut maiores molestiae incidunt ea. Inventore dolore ipsam quo et dolores. Et labore voluptatem inventore saepe rerum repellendus iusto. Occaecati est aperiam deserunt minus quasi non accusamus.', 289, 3, 23, 2, '2019-02-22 11:42:02', '2019-02-22 11:42:02'),
(14, 'deserunt', 'In ad quaerat laboriosam similique labore ut. Molestiae facere eos animi sit consequuntur illo. Nulla maxime unde veniam eius. Voluptas omnis praesentium nam voluptatum quae eum.', 948, 1, 3, 1, '2019-02-22 11:42:02', '2019-02-22 11:42:02'),
(15, 'aliquid', 'Molestiae omnis eum et facere repudiandae vel. Delectus nobis illo vel et sed ea. Qui ratione quis voluptatem eius. Laborum culpa ipsam architecto nulla blanditiis aspernatur vitae.', 303, 9, 19, 5, '2019-02-22 11:42:02', '2019-02-22 11:42:02'),
(16, 'quis', 'Ut et quod mollitia sit non dolorum error. Eos molestias at non dolores. Qui ea quasi dignissimos ullam velit quasi necessitatibus.', 713, 9, 20, 4, '2019-02-22 11:42:02', '2019-02-22 11:42:02'),
(17, 'beatae', 'Minus assumenda odit ut corporis non. Dolor sapiente adipisci nihil unde sint est. Reiciendis amet nihil iusto voluptatibus quia voluptatem.', 885, 9, 3, 4, '2019-02-22 11:42:02', '2019-02-22 11:42:02'),
(18, 'dolores', 'Id saepe qui fugiat. Qui sed accusantium deleniti non. Rerum quidem ratione qui. Totam exercitationem perspiciatis magnam corrupti iusto et veniam non.', 940, 7, 3, 1, '2019-02-22 11:42:02', '2019-02-22 11:42:02'),
(19, 'laudantium', 'Quo iure qui eos asperiores et magni. Ipsum quos mollitia nihil. Perferendis id occaecati et porro et. Temporibus voluptates rerum vel ea nemo expedita.', 844, 8, 4, 5, '2019-02-22 11:42:02', '2019-02-22 11:42:02'),
(20, 'in', 'Qui blanditiis neque eligendi molestias similique repellat molestiae. Et architecto reprehenderit praesentium quaerat impedit mollitia accusamus.', 950, 0, 6, 1, '2019-02-22 11:42:02', '2019-02-22 11:42:02'),
(21, 'in', 'Et velit delectus atque ad saepe et autem fugit. Voluptatem voluptatum vel et tempora rerum voluptas. Qui quia dolores amet molestiae vel qui assumenda.', 487, 5, 2, 3, '2019-02-22 11:42:02', '2019-02-22 11:42:02'),
(22, 'nulla', 'Optio deserunt asperiores consequuntur vitae facere ducimus impedit. Id consequatur quia corporis. Ipsa iusto dignissimos velit. Excepturi iste harum consequatur est consequuntur quidem commodi.', 536, 9, 24, 4, '2019-02-22 11:42:02', '2019-02-22 11:42:02'),
(23, 'id', 'Praesentium sapiente dolor repellat assumenda ducimus alias. Unde quibusdam mollitia culpa. Minus corrupti eligendi voluptatem.', 660, 0, 12, 1, '2019-02-22 11:42:02', '2019-02-22 11:42:02'),
(24, 'repellendus', 'Asperiores beatae accusantium ut vel et. Quaerat commodi ut alias odio illo. Eos rerum saepe eligendi optio. Similique autem beatae sed autem et deleniti exercitationem.', 781, 2, 4, 4, '2019-02-22 11:42:02', '2019-02-22 11:42:02'),
(25, 'soluta', 'Exercitationem necessitatibus odit quos sit omnis molestiae. In ratione sed dolore ut doloribus commodi voluptas qui. Atque quis laboriosam aliquid distinctio ipsam voluptates. Et cupiditate officiis sunt voluptatem.', 308, 7, 19, 1, '2019-02-22 11:42:02', '2019-02-22 11:42:02'),
(26, 'est', 'Corrupti fugiat possimus facere non consectetur. Pariatur autem omnis quo architecto ipsam expedita est est. Perferendis tenetur et consequuntur et.', 399, 2, 21, 2, '2019-02-22 11:42:02', '2019-02-22 11:42:02'),
(27, 'nisi', 'Ut ratione aliquam commodi et eius. Vel quidem reprehenderit est eius. Consequatur soluta hic omnis optio perspiciatis eos quod nihil.', 532, 3, 16, 5, '2019-02-22 11:42:02', '2019-02-22 11:42:02'),
(28, 'aut', 'Culpa aperiam et eum non est ipsam esse. Soluta ea molestiae fuga dignissimos consequatur. Distinctio numquam maxime consequuntur ut et autem. Quisquam et iure enim sed id. Suscipit consequatur consequatur tempora atque est est vitae.', 649, 7, 16, 3, '2019-02-22 11:42:02', '2019-02-22 11:42:02'),
(29, 'aut', 'Sunt provident error ut placeat debitis ut molestiae. Dolore eveniet et dignissimos libero quis. Magni perferendis sed est autem nemo accusamus. Nisi culpa dicta et rerum delectus vitae et. Alias ut autem veniam.', 914, 6, 15, 3, '2019-02-22 11:42:02', '2019-02-22 11:42:02'),
(30, 'ab', 'Hic qui ut illum sequi fuga id doloremque. Dolor sed reprehenderit mollitia in ex. Nostrum accusamus dolor modi qui eaque et.', 147, 6, 15, 5, '2019-02-22 11:42:02', '2019-02-22 11:42:02'),
(31, 'ut', 'Velit quo et est ullam consequatur aut rerum. Inventore autem quibusdam suscipit eius nostrum. Ratione eum voluptatem suscipit dolorem nihil asperiores. Esse asperiores ut beatae eos dolor.', 556, 7, 3, 4, '2019-02-22 11:42:02', '2019-02-22 11:42:02'),
(32, 'reprehenderit', 'Sequi occaecati voluptate veniam occaecati enim et quisquam. Omnis dolores magnam cumque distinctio deleniti ea aut. Qui ex sint totam harum fugit in. Eum earum maiores facilis voluptate deleniti non consequatur.', 396, 4, 25, 4, '2019-02-22 11:42:02', '2019-02-22 11:42:02'),
(33, 'rem', 'Similique neque voluptas voluptas ut nam. Quae placeat repudiandae tempore aperiam. Est quis pariatur officiis placeat eaque ipsum. Vel deleniti esse dolores iste.', 574, 7, 26, 1, '2019-02-22 11:42:02', '2019-02-22 11:42:02'),
(34, 'doloremque', 'Consectetur ex dolore qui fugiat et. Voluptatem neque incidunt tenetur. Optio ad asperiores qui debitis. Dolorem accusantium aut culpa ea est temporibus.', 604, 9, 8, 5, '2019-02-22 11:42:02', '2019-02-22 11:42:02'),
(35, 'sapiente', 'Porro ad nostrum accusantium. Voluptatem modi repellat sequi quo neque. Qui neque excepturi est eos. Ea est itaque ipsam sint.', 234, 8, 9, 2, '2019-02-22 11:42:02', '2019-02-22 11:42:02'),
(36, 'omnis', 'Eum natus fugiat tenetur. Architecto dolorem voluptatibus modi autem consequatur fugiat. Aliquam accusamus doloremque hic. Ut ad dolor error placeat id voluptatem.', 899, 3, 5, 1, '2019-02-22 11:42:02', '2019-02-22 11:42:02'),
(37, 'aspernatur', 'Cupiditate commodi et et voluptatibus. Voluptas sit harum est praesentium aperiam voluptas rerum. Dolores reprehenderit quia eius ducimus nesciunt debitis nisi. Est sit eaque sit commodi.', 967, 6, 11, 1, '2019-02-22 11:42:02', '2019-02-22 11:42:02'),
(38, 'natus', 'Omnis iure voluptates possimus molestias. Nisi quis quibusdam velit fugiat sit. Voluptate sed enim nobis praesentium sequi doloribus.', 965, 5, 9, 1, '2019-02-22 11:42:02', '2019-02-22 11:42:02'),
(39, 'minima', 'Deleniti est possimus eum odit tempore et. Expedita maxime inventore impedit velit. Quod aut non eos vel aut sapiente tempora.', 706, 3, 29, 1, '2019-02-22 11:42:02', '2019-02-22 11:42:02'),
(40, 'dolorem', 'Explicabo provident nulla quasi consequatur. Ipsa libero ipsa quia. Possimus illo rerum nam ut nulla aut nostrum. Voluptatem voluptate alias exercitationem qui voluptas quaerat est.', 931, 0, 14, 5, '2019-02-22 11:42:02', '2019-02-22 11:42:02'),
(41, 'autem', 'Dolores quasi tempore culpa et non. Ipsum ipsam praesentium ducimus cum quo tenetur voluptates. Qui aperiam odit ad quae fuga. Fugiat voluptas ullam eveniet cumque.', 404, 7, 14, 3, '2019-02-22 11:42:02', '2019-02-22 11:42:02'),
(42, 'cumque', 'Aliquid inventore consectetur repellendus repellendus ut magni. Optio dolor est saepe nisi sint. In et aliquid eum necessitatibus ullam.', 645, 1, 27, 5, '2019-02-22 11:42:02', '2019-02-22 11:42:02'),
(43, 'suscipit', 'Nobis nobis ut non soluta aut similique necessitatibus. Minus dolor natus vel nihil voluptas commodi aperiam. Consequatur exercitationem et totam rem dignissimos. Tempore quae possimus non.', 650, 2, 19, 3, '2019-02-22 11:42:02', '2019-02-22 11:42:02'),
(44, 'incidunt', 'Provident et nihil sed rerum. Sint atque quisquam quo aliquam labore officia eius ut. Delectus eos est sint itaque. Repellat soluta magni quia voluptatum corporis id.', 509, 4, 6, 5, '2019-02-22 11:42:02', '2019-02-22 11:42:02'),
(45, 'id', 'Similique suscipit sit quis et ut iusto blanditiis. Aut rerum accusamus odio porro. Nesciunt illo iure dolorem fugit aperiam. Deleniti doloremque veniam totam voluptatem itaque aut.', 239, 6, 3, 5, '2019-02-22 11:42:02', '2019-02-22 11:42:02'),
(46, 'tenetur', 'Et accusamus eius quam vel omnis nam. Fuga nihil aperiam voluptatum et ea sed perspiciatis. Nostrum qui voluptas tenetur consectetur natus quo ea. Ea beatae aut enim.', 134, 1, 28, 3, '2019-02-22 11:42:02', '2019-02-22 11:42:02'),
(47, 'eos', 'Officiis dolor sed sit rerum fuga. Est reiciendis id consectetur officia vero. Qui ipsum odit expedita nobis iste.', 621, 8, 28, 5, '2019-02-22 11:42:02', '2019-02-22 11:42:02'),
(48, 'voluptatem', 'Voluptate deserunt dignissimos non omnis odit enim nobis. Corporis ut aut nulla et nesciunt repellendus. Id nobis molestias dolorem in eaque aperiam ipsam. Et sit fugiat numquam voluptatem voluptas.', 460, 1, 18, 5, '2019-02-22 11:42:02', '2019-02-22 11:42:02'),
(49, 'vero', 'Soluta itaque optio quis est mollitia incidunt tempore. Et nulla modi commodi saepe sit autem repellat voluptatem. Ducimus aut rerum quisquam sint eveniet voluptatibus non. Dolores dolorem facere facilis soluta veniam.', 250, 4, 15, 5, '2019-02-22 11:42:02', '2019-02-22 11:42:02'),
(50, 'voluptates', 'Maxime ullam commodi expedita porro error quia eaque. Maiores facilis amet veniam quos aspernatur. Corrupti et impedit aut commodi. Et facilis in impedit possimus reprehenderit at. Alias rerum ducimus rem asperiores excepturi temporibus sapiente.', 348, 2, 13, 1, '2019-02-22 11:42:02', '2019-02-22 11:42:02');

-- --------------------------------------------------------

--
-- Table structure for table `reviews`
--

CREATE TABLE `reviews` (
  `id` int(10) UNSIGNED NOT NULL,
  `product_id` int(10) UNSIGNED NOT NULL,
  `customer` varchar(191) COLLATE utf8mb4_unicode_ci NOT NULL,
  `review` text COLLATE utf8mb4_unicode_ci NOT NULL,
  `star` int(11) NOT NULL,
  `created_at` timestamp NULL DEFAULT NULL,
  `updated_at` timestamp NULL DEFAULT NULL
) ENGINE=InnoDB DEFAULT CHARSET=utf8mb4 COLLATE=utf8mb4_unicode_ci;

--
-- Dumping data for table `reviews`
--

INSERT INTO `reviews` (`id`, `product_id`, `customer`, `review`, `star`, `created_at`, `updated_at`) VALUES
(1, 21, 'Reyna Satterfield II', 'Quia ex consequatur et nulla. Sit assumenda quasi sunt rerum eligendi. Hic repudiandae earum laborum vel.', 1, '2019-02-22 11:42:02', '2019-02-22 11:42:02'),
(2, 50, 'Rossie Dibbert', 'Nihil ipsam est est soluta repudiandae non quam. Perferendis eius nihil corrupti asperiores dolorum. Et dolorem amet alias dicta. Ipsum possimus tenetur praesentium omnis ea.', 5, '2019-02-22 11:42:02', '2019-02-22 11:42:02'),
(3, 43, 'Josefina Kub', 'Laudantium debitis excepturi eum provident. Iusto quidem quidem et ex consequatur. Voluptatum excepturi sit sint molestias. Commodi et qui eligendi animi iusto consequatur. Quo tenetur veniam sint consequatur dolores earum.', 0, '2019-02-22 11:42:02', '2019-02-22 11:42:02'),
(4, 8, 'Dr. Lazaro Schmidt', 'Ipsam dolor officiis et sit porro nemo consequatur beatae. Et explicabo doloribus laborum non expedita. Consequuntur id rerum architecto eius et.', 3, '2019-02-22 11:42:02', '2019-02-22 11:42:02'),
(5, 48, 'Rowan Schoen', 'Non quis ipsa animi ullam laborum vero unde. Expedita error et illo ab omnis. Adipisci nobis dolorum voluptas et ex laborum. Itaque ut ea iusto dolorum odio.', 3, '2019-02-22 11:42:02', '2019-02-22 11:42:02'),
(6, 38, 'Elisha McGlynn', 'Voluptas nisi porro nostrum ullam sequi sit iusto. Adipisci numquam voluptatum quis maiores voluptatum velit. Totam laborum velit numquam necessitatibus. Et voluptatum est qui ipsa non beatae ut laudantium. Repudiandae quia neque at distinctio.', 5, '2019-02-22 11:42:02', '2019-02-22 11:42:02'),
(7, 3, 'Sydnie Blanda', 'Rerum incidunt blanditiis sed et fuga dolorem alias. Et molestiae necessitatibus optio cum eaque. Atque consequatur vel iusto dolor fugit unde aut. Quisquam a rerum voluptatum nihil animi. Et necessitatibus fugit ea tempora ducimus vitae.', 1, '2019-02-22 11:42:02', '2019-02-22 11:42:02'),
(9, 7, 'Derrick O\'Connell', 'Qui deleniti maiores iusto qui. Eligendi ex voluptatibus facere corrupti et doloremque voluptatibus.', 3, '2019-02-22 11:42:02', '2019-02-22 11:42:02'),
(10, 31, 'Kyleigh Walker', 'Eum tempora quaerat temporibus excepturi dolores aut nobis. Id sed dolor laboriosam natus. Minus et quas voluptatibus facilis ea. Adipisci facere earum provident eveniet expedita.', 2, '2019-02-22 11:42:02', '2019-02-22 11:42:02'),
(11, 6, 'Annabell Luettgen', 'Deleniti sed quisquam qui. Corrupti enim omnis omnis architecto voluptatem quod suscipit nobis.', 4, '2019-02-22 11:42:02', '2019-02-22 11:42:02'),
(12, 45, 'Annalise Brekke', 'Ipsum vero autem in nihil. Itaque molestias voluptatem voluptate fugiat quia. Ut molestias autem voluptas. Neque amet omnis earum illum.', 2, '2019-02-22 11:42:02', '2019-02-22 11:42:02'),
(13, 21, 'Beatrice McDermott MD', 'Impedit in alias et quod nihil ipsum voluptatum. Autem maiores quis quae error consequatur cumque. Eaque esse repellat molestiae possimus inventore illo. Dolor quo consectetur aut dicta sed nisi.', 2, '2019-02-22 11:42:02', '2019-02-22 11:42:02'),
(14, 24, 'Gene Ward MD', 'Eum illum quibusdam dolores ipsa asperiores maxime iure. Optio totam quas aliquam asperiores sed veniam asperiores. Quisquam repudiandae nihil tempora eum quos placeat.', 0, '2019-02-22 11:42:02', '2019-02-22 11:42:02'),
(15, 19, 'Lloyd McKenzie V', 'Iure ducimus sequi itaque ex autem maxime blanditiis eveniet. Voluptatem qui voluptatum eum ducimus. Et tenetur eum amet quia vel corrupti ut nulla.', 0, '2019-02-22 11:42:02', '2019-02-22 11:42:02'),
(16, 10, 'Aiyana Monahan', 'Sed beatae impedit atque facere omnis eligendi. Maxime hic aut id et odit laborum. Repellat tempora impedit est consectetur labore. Rerum et molestiae harum recusandae quia sit assumenda.', 4, '2019-02-22 11:42:02', '2019-02-22 11:42:02'),
(17, 38, 'Mr. Tyson Mayer Jr.', 'Amet accusantium voluptatibus et quam dolore. Officiis ullam voluptas quod tempore. Reprehenderit ullam commodi quod in tempora asperiores. Deleniti laborum assumenda architecto necessitatibus laborum omnis officia.', 2, '2019-02-22 11:42:02', '2019-02-22 11:42:02'),
(18, 13, 'Prof. Jaqueline Strosin', 'Corrupti ut placeat facilis. Sit ipsam reprehenderit sit. Dolorum error itaque laborum eveniet placeat voluptate quisquam. Mollitia sed eum omnis quaerat doloremque.', 2, '2019-02-22 11:42:02', '2019-02-22 11:42:02'),
(19, 29, 'Teagan Keebler', 'Et voluptas dolor sapiente earum quis. Aut sit aut explicabo optio corrupti. Ex iste ut ut vel et saepe quis. Harum expedita hic et iure.', 2, '2019-02-22 11:42:02', '2019-02-22 11:42:02'),
(20, 36, 'Delia Wehner', 'Accusantium ex distinctio voluptatem tenetur repudiandae. Consequatur totam consequatur accusamus aut. Amet est ipsa autem quos quidem odio. Fugit dolores adipisci quia consequatur molestiae quas ipsum.', 3, '2019-02-22 11:42:02', '2019-02-22 11:42:02'),
(21, 13, 'Lucious Harvey I', 'Error nobis quia eius qui et vel. Ex accusamus harum occaecati. Et autem et nesciunt ipsum. Quisquam qui porro adipisci ab.', 5, '2019-02-22 11:42:02', '2019-02-22 11:42:02'),
(22, 26, 'Leta Dach II', 'Labore architecto consequatur in. Laborum qui ut laborum. Ipsa et dolore molestias cum est corrupti ut aut. In maiores sit perspiciatis placeat omnis eos.', 3, '2019-02-22 11:42:02', '2019-02-22 11:42:02'),
(23, 29, 'Clarissa Stamm', 'Voluptates fugit repellendus assumenda minima asperiores consequatur. Aut autem veritatis repudiandae minima. Sint eos dolorem et fugit. Et facilis aperiam dolorem consectetur fugit animi a. Qui neque rerum inventore provident perspiciatis.', 0, '2019-02-22 11:42:02', '2019-02-22 11:42:02'),
(24, 3, 'Dr. Makayla McCullough', 'Quia et earum enim quis fuga. Exercitationem natus sed error. Velit repellat consequuntur consequatur harum. Quia placeat est aut explicabo harum sequi.', 3, '2019-02-22 11:42:02', '2019-02-22 11:42:02'),
(25, 13, 'Dr. Ciara Miller', 'Occaecati nulla eos impedit. Velit asperiores et optio temporibus illum. Id et voluptatum praesentium dolores autem vel minus eos. Possimus qui ut enim molestiae deserunt non.', 0, '2019-02-22 11:42:02', '2019-02-22 11:42:02'),
(26, 32, 'Crystel Hirthe', 'Aspernatur dolores architecto nihil vero consequatur eaque libero. Odit veritatis aut cum aut ut voluptatibus. Officia ratione ipsa mollitia eos. Eos veritatis doloribus facere rerum eum cum ad ea. Et eum aut rerum sed minima.', 4, '2019-02-22 11:42:02', '2019-02-22 11:42:02'),
(27, 6, 'Prof. Mathew Quitzon DDS', 'Quas delectus quam incidunt debitis et. Sed cumque recusandae illo placeat. In quis aut totam temporibus beatae dolorem.', 1, '2019-02-22 11:42:02', '2019-02-22 11:42:02'),
(28, 30, 'Delilah Schimmel', 'Consectetur neque tempore esse est aut et voluptatibus. Laudantium saepe quia eos a. Qui et porro sit neque quod rerum est.', 5, '2019-02-22 11:42:02', '2019-02-22 11:42:02'),
(29, 17, 'Ms. Carley Kreiger', 'Laboriosam autem sed sunt fuga atque doloribus quibusdam mollitia. Asperiores praesentium iste aut natus perferendis hic. Deserunt explicabo minus dignissimos praesentium sit. Aut magni dolor non et ex harum.', 5, '2019-02-22 11:42:02', '2019-02-22 11:42:02'),
(30, 15, 'Bradford Wyman', 'Eum quibusdam sunt aspernatur sit et molestiae quasi maxime. Omnis quaerat aut ad eum reiciendis vitae amet. Aut quae laudantium nemo voluptas nobis velit. Consequatur et temporibus temporibus vel iusto autem alias.', 1, '2019-02-22 11:42:02', '2019-02-22 11:42:02'),
(31, 13, 'Isaias Mraz', 'Consequuntur laudantium ipsa accusantium eos. Iste ipsum laudantium adipisci quae dolor. Ipsam natus eaque dolores consequatur aut alias.', 5, '2019-02-22 11:42:02', '2019-02-22 11:42:02'),
(32, 48, 'Pauline Prosacco', 'Et voluptate in quia iure aut. Quis vitae incidunt ducimus amet magnam nulla consectetur. Fugiat quisquam asperiores error dignissimos quis rerum.', 0, '2019-02-22 11:42:02', '2019-02-22 11:42:02'),
(33, 36, 'Sebastian Beatty', 'Veritatis voluptas labore corrupti ratione. Voluptatem quisquam quisquam natus ut tempore.', 2, '2019-02-22 11:42:02', '2019-02-22 11:42:02'),
(34, 2, 'Dr. Merritt Gusikowski I', 'Odio hic sed quo eum rerum. Eligendi mollitia explicabo ex blanditiis impedit. Rerum nihil vero sit illum.', 4, '2019-02-22 11:42:02', '2019-02-22 11:42:02'),
(35, 6, 'Mable Feeney', 'Eos ex et sunt aliquid numquam dolorum tempora. Facilis sit similique provident omnis dolorum similique. Explicabo quaerat temporibus quidem dolorem quod veritatis reprehenderit.', 1, '2019-02-22 11:42:02', '2019-02-22 11:42:02'),
(36, 21, 'Rosalind O\'Reilly', 'Dignissimos eum cupiditate consequatur ut. Est temporibus excepturi aperiam qui dolorem.', 1, '2019-02-22 11:42:02', '2019-02-22 11:42:02'),
(37, 33, 'Justice Waelchi', 'Velit asperiores occaecati adipisci mollitia omnis in. Deserunt aut tempore omnis expedita saepe. Facere non ut deserunt sunt ut.', 5, '2019-02-22 11:42:02', '2019-02-22 11:42:02'),
(38, 17, 'Angelica Hintz PhD', 'Quibusdam rerum non nesciunt ut repellendus iusto doloremque illo. Et iste quo quis magnam officia excepturi tempore. Omnis sed ipsa provident quam accusantium voluptatibus aut.', 4, '2019-02-22 11:42:02', '2019-02-22 11:42:02'),
(39, 6, 'Hilario Cormier', 'Fuga est ad autem debitis. Non veritatis optio autem architecto ut.', 0, '2019-02-22 11:42:02', '2019-02-22 11:42:02'),
(40, 34, 'Dr. Herman Beer Jr.', 'Quam laboriosam quis facere et totam et. Et laudantium aliquid tempore corrupti corporis. Asperiores nostrum voluptatem illo dolorum illo. Quia et necessitatibus deleniti quasi et quia et.', 2, '2019-02-22 11:42:02', '2019-02-22 11:42:02'),
(41, 3, 'Miss Jane Walsh IV', 'Natus culpa dolorum officia et ab perspiciatis temporibus. Consequatur labore fuga ea dolor aut. Repellendus quisquam vero ullam in id necessitatibus quam.', 4, '2019-02-22 11:42:02', '2019-02-22 11:42:02'),
(42, 42, 'Kendall Murazik', 'Voluptates impedit suscipit ut inventore aut. Porro nemo voluptatem facilis facere cumque. Hic soluta facere voluptatem non dolor sit consectetur in.', 3, '2019-02-22 11:42:02', '2019-02-22 11:42:02'),
(43, 46, 'Presley Adams', 'Sed tempore debitis fuga rerum enim quos. Est praesentium molestiae et et quisquam. Natus aut doloribus enim ipsa temporibus et.', 0, '2019-02-22 11:42:02', '2019-02-22 11:42:02'),
(44, 23, 'Chelsie Sipes', 'Ullam a officia natus. Deleniti soluta voluptas aut cum consequatur. Eveniet modi voluptate provident eaque rerum. Exercitationem accusantium quidem fuga iure.', 4, '2019-02-22 11:42:02', '2019-02-22 11:42:02'),
(45, 17, 'Mr. Alfred Hettinger Sr.', 'Ut tempore dolores sit placeat et velit. Voluptatem est in consequatur quo rerum deserunt eos. Non et ea illo qui non et quis. Aut et fugit voluptatem numquam omnis.', 2, '2019-02-22 11:42:02', '2019-02-22 11:42:02'),
(46, 8, 'Alyce Goodwin', 'Tempora incidunt ut praesentium facilis quisquam similique aut. Fugit consectetur iste quod necessitatibus eius error laudantium amet. Porro perferendis quos odit ad reiciendis. Maiores fuga tenetur aliquam mollitia. Provident veritatis pariatur accusantium minima.', 5, '2019-02-22 11:42:02', '2019-02-22 11:42:02'),
(47, 23, 'Kory Heidenreich', 'Natus quod rerum exercitationem beatae accusantium doloremque. Molestiae debitis laudantium quia ea dolorem.', 0, '2019-02-22 11:42:02', '2019-02-22 11:42:02'),
(48, 50, 'Pearlie Schowalter', 'Aut dolor laboriosam ex. Sunt soluta beatae velit aut necessitatibus nesciunt. Dolor blanditiis natus a eum. Dolores qui quae voluptatem excepturi eius aspernatur unde. Odit mollitia qui laudantium incidunt vitae quia eveniet.', 4, '2019-02-22 11:42:02', '2019-02-22 11:42:02'),
(49, 47, 'Mrs. Cristal Heidenreich III', 'Quo optio quia non et sapiente iusto occaecati. Laudantium officiis possimus assumenda doloribus. Earum laboriosam quae odit aut quia ea. Ut consequatur quisquam accusamus dolor provident. Eius inventore tenetur repellendus consequatur cum.', 4, '2019-02-22 11:42:02', '2019-02-22 11:42:02'),
(50, 33, 'Mrs. Cierra Wyman Sr.', 'Dolorem et non libero quia possimus et architecto. Esse nulla perferendis ut qui earum animi dolor illum. Maiores explicabo voluptatem repellat quia soluta nam. Omnis ad maiores qui tempore fuga.', 0, '2019-02-22 11:42:02', '2019-02-22 11:42:02'),
(51, 41, 'Dejon Schowalter', 'Optio et veniam natus omnis error veritatis. Quis dolores quia cumque reprehenderit. Vitae quia placeat harum dolor consequatur.', 0, '2019-02-22 11:42:02', '2019-02-22 11:42:02'),
(52, 36, 'Dr. Breana Kuhn II', 'Rerum ipsam provident quae quam voluptas. Reprehenderit odio eveniet ipsam numquam blanditiis quam ad sed. Excepturi et expedita explicabo dolor dignissimos rerum nihil cum. Tempora fugit harum aperiam odit sed.', 1, '2019-02-22 11:42:02', '2019-02-22 11:42:02'),
(54, 31, 'Chet Fritsch', 'Possimus fugiat doloremque quidem cum molestias. Vitae error in eos velit odio. Quaerat assumenda labore reprehenderit illum.', 5, '2019-02-22 11:42:02', '2019-02-22 11:42:02'),
(55, 45, 'Halle Upton', 'Recusandae dolore non magnam dolores non doloribus consequuntur. Est magnam pariatur omnis quisquam non voluptatem hic. Repellat provident voluptatem ut omnis animi.', 4, '2019-02-22 11:42:02', '2019-02-22 11:42:02'),
(56, 46, 'Agustina Schaefer', 'Sunt eos deleniti atque animi veritatis officiis laudantium. Ipsa id et eum dolore ipsam vel. Odit et illo sapiente cumque voluptas quia. Ad aut sunt inventore sed.', 4, '2019-02-22 11:42:02', '2019-02-22 11:42:02'),
(57, 22, 'Arlie Nolan', 'Ut consequatur aut qui aut dolor. Hic enim ut exercitationem perspiciatis qui ut. Doloribus ipsum nostrum et vero. Repudiandae qui aperiam est ut.', 2, '2019-02-22 11:42:02', '2019-02-22 11:42:02'),
(58, 30, 'Mr. Jay Feil DDS', 'Totam omnis consequatur porro. Est quo modi ipsam repudiandae. Qui omnis dicta soluta non.', 2, '2019-02-22 11:42:02', '2019-02-22 11:42:02'),
(59, 41, 'Russel Schmeler', 'Molestias optio veniam in ex perspiciatis enim ea. Voluptatem qui et dolores ad fuga eaque itaque. Ullam cum et non porro. Voluptatem eligendi reiciendis perspiciatis quia ut consequatur pariatur.', 2, '2019-02-22 11:42:02', '2019-02-22 11:42:02'),
(60, 32, 'Linwood Lehner', 'Et quidem amet reiciendis dicta omnis accusamus suscipit recusandae. Voluptas quos aperiam id rerum aut dolorum. Delectus minus eum esse nulla ab corporis. Aut et et architecto illo a aut.', 1, '2019-02-22 11:42:02', '2019-02-22 11:42:02'),
(61, 11, 'Tomas Spencer', 'Est sed doloremque repellat nihil voluptatem numquam. Sed rerum odit enim quis. Est qui et voluptatem mollitia adipisci. Incidunt sunt dicta odio qui rerum. Cum assumenda autem nostrum officia fuga ut ad.', 0, '2019-02-22 11:42:02', '2019-02-22 11:42:02'),
(62, 20, 'Domingo Rice', 'Aut distinctio totam aspernatur deserunt dignissimos voluptatibus. Fugiat occaecati voluptatum officia error expedita. Quaerat amet et est ea. Consequatur dolores veniam dolor voluptatem.', 2, '2019-02-22 11:42:03', '2019-02-22 11:42:03'),
(63, 10, 'Raul Mraz', 'Veniam et recusandae sit consequatur. Aut reprehenderit et voluptatem qui aut aut. Maiores reiciendis dolorem voluptatibus aut unde impedit quo.', 5, '2019-02-22 11:42:03', '2019-02-22 11:42:03'),
(64, 7, 'Miss Golda Lueilwitz DVM', 'Nemo quos porro enim recusandae hic. Velit qui vero occaecati quia itaque velit laboriosam sed. Saepe laudantium voluptatum sint. Sit mollitia vel voluptas modi et molestiae.', 2, '2019-02-22 11:42:03', '2019-02-22 11:42:03'),
(65, 20, 'Kelly Lockman IV', 'Sunt nobis nobis sunt dolor dolorum suscipit. Porro aut rerum nulla voluptatum dolorem cumque accusantium. Sunt deserunt omnis nihil aut rerum nulla nostrum eos. Officiis dolorem aut sint eaque repudiandae rerum.', 2, '2019-02-22 11:42:03', '2019-02-22 11:42:03'),
(66, 14, 'Nickolas Bruen', 'Dolorem doloremque eos similique. Sed non quis expedita asperiores a quaerat. Officiis alias natus ut corporis dolore.', 3, '2019-02-22 11:42:03', '2019-02-22 11:42:03'),
(67, 45, 'Dr. Maegan Beer PhD', 'Eveniet sed iure et. Illum voluptatem architecto nemo adipisci minus. Qui maiores totam voluptatum voluptatem eum et. Aliquam dolores dolor tenetur nisi tempore.', 3, '2019-02-22 11:42:03', '2019-02-22 11:42:03'),
(68, 49, 'Aliya Eichmann', 'Dolorem ex sed iure corrupti blanditiis. Et sit corrupti illum ullam ducimus officiis eveniet nam. Exercitationem impedit officiis possimus eum impedit et beatae. Autem rerum sit voluptatem in enim. Beatae nihil perferendis eius dolor velit harum vel.', 5, '2019-02-22 11:42:03', '2019-02-22 11:42:03'),
(69, 19, 'Miss Barbara Beatty IV', 'Odit totam eum quae modi sunt numquam et rerum. Facere id sequi consectetur vel. Eaque dolor dolore consequatur voluptatem animi inventore.', 3, '2019-02-22 11:42:03', '2019-02-22 11:42:03'),
(70, 24, 'Matt Kutch', 'Blanditiis quia vel hic rerum est quis et numquam. Eos doloremque impedit saepe. Odit vel eaque molestiae ex qui et sit. Fugit sit sed consequatur est nam.', 2, '2019-02-22 11:42:03', '2019-02-22 11:42:03'),
(71, 42, 'Wendell Schroeder I', 'Sunt et velit nam temporibus. Consequatur vel reprehenderit nihil. Sequi assumenda cumque explicabo placeat adipisci nobis.', 3, '2019-02-22 11:42:03', '2019-02-22 11:42:03'),
(72, 43, 'Broderick Auer', 'Voluptates nostrum enim culpa aut rerum sit voluptas. Nihil cum commodi nostrum provident excepturi eaque deleniti.', 0, '2019-02-22 11:42:03', '2019-02-22 11:42:03'),
(73, 4, 'Jovani Crist IV', 'Voluptas et dolore et. At sed possimus enim ipsam aliquid. Dicta ipsa velit nostrum at doloribus enim aut. Ut aut est exercitationem.', 1, '2019-02-22 11:42:03', '2019-02-22 11:42:03'),
(74, 14, 'Eleanora Fay', 'Reprehenderit minima earum ipsum ea. Iure in placeat aut ratione beatae id. Animi incidunt animi minima maxime voluptate. Similique maiores necessitatibus illo et molestiae non.', 2, '2019-02-22 11:42:03', '2019-02-22 11:42:03'),
(75, 4, 'Hoyt Kuphal', 'Qui ad sapiente sint non autem necessitatibus est voluptas. Fugiat dolor et molestiae porro. Et ut aut est reprehenderit et et. Voluptatem velit sint facere accusantium saepe.', 0, '2019-02-22 11:42:03', '2019-02-22 11:42:03'),
(76, 26, 'Millie Harber', 'Id rerum praesentium ducimus vero numquam sed voluptas magni. Odio deserunt voluptate veniam aut omnis. Et sed reprehenderit totam veniam.', 2, '2019-02-22 11:42:03', '2019-02-22 11:42:03'),
(77, 14, 'Jacques Schoen', 'Cupiditate expedita ipsum ut corporis quos voluptatem. Quis voluptatem quas corporis in quos dolorem. Doloribus eius tempore voluptatibus alias.', 2, '2019-02-22 11:42:03', '2019-02-22 11:42:03'),
(78, 31, 'Pearline Shields', 'Possimus rerum corrupti explicabo. Esse omnis ut suscipit placeat qui maxime. Magnam explicabo a quo. Harum velit nobis voluptas blanditiis nesciunt. Incidunt delectus iure voluptatibus modi.', 4, '2019-02-22 11:42:03', '2019-02-22 11:42:03'),
(79, 3, 'Dr. Lisette Adams', 'Delectus voluptatem beatae et error. Sed placeat impedit vitae natus accusamus. Sed et dolorem odit voluptas vel nostrum et.', 0, '2019-02-22 11:42:03', '2019-02-22 11:42:03'),
(80, 38, 'Elvis Ebert', 'Eligendi ut nihil minus ut. Sint aut autem magni sed occaecati. Non ea qui ut. Corrupti qui et eius mollitia eos. Dolor sunt quia sed.', 2, '2019-02-22 11:42:03', '2019-02-22 11:42:03'),
(81, 13, 'Mrs. Madelyn Hoeger', 'Dolores doloribus odio velit incidunt occaecati qui voluptatem. Reiciendis laborum vel impedit qui exercitationem.', 4, '2019-02-22 11:42:03', '2019-02-22 11:42:03'),
(82, 44, 'Miss Zella Marvin', 'Cumque consequuntur vitae voluptas minus. Atque sit eveniet blanditiis enim. Et ducimus quidem officiis sapiente voluptas. Quo omnis qui illum quia nostrum aut veritatis sunt.', 2, '2019-02-22 11:42:03', '2019-02-22 11:42:03'),
(83, 33, 'Pamela Sawayn', 'Aliquid nostrum explicabo sed quia. Aperiam nihil dolorem at distinctio aliquid. Necessitatibus alias est laudantium aut aliquam. Voluptatem quod rerum qui facilis.', 3, '2019-02-22 11:42:03', '2019-02-22 11:42:03'),
(84, 44, 'Mr. Tillman Ullrich III', 'Et voluptas tempora enim perferendis. Fugiat consequuntur ipsum illo sint earum.', 5, '2019-02-22 11:42:03', '2019-02-22 11:42:03'),
(85, 13, 'Jonatan Okuneva', 'Nihil tempore eum porro blanditiis. Labore voluptas est totam optio. Non modi aut nobis qui maiores non architecto. Eveniet quis sit ut et et officiis aut.', 2, '2019-02-22 11:42:03', '2019-02-22 11:42:03'),
(86, 6, 'Carroll Jacobi', 'Saepe commodi magnam doloremque aspernatur velit nisi. Officia impedit sint eos nihil voluptatem. Eaque impedit exercitationem minima voluptatibus et dolorem.', 2, '2019-02-22 11:42:03', '2019-02-22 11:42:03'),
(87, 37, 'Darion Leuschke', 'Ducimus beatae necessitatibus amet consequatur corporis totam quam. Reprehenderit nihil minus rerum et. Doloremque autem ducimus odio omnis assumenda in.', 2, '2019-02-22 11:42:03', '2019-02-22 11:42:03'),
(88, 45, 'Raymond Adams Jr.', 'Ea voluptatem illum ipsum nulla. Aut amet qui quia voluptate tenetur. Voluptatem repudiandae dolorem dolorem debitis ea sit. Molestiae labore dolores est impedit laborum voluptatum.', 5, '2019-02-22 11:42:03', '2019-02-22 11:42:03'),
(89, 21, 'Valentine McDermott V', 'Nesciunt id veritatis magnam aliquid consequatur qui voluptas. Laudantium aut doloremque consequuntur ratione voluptatem non. Laborum ut dolor non consectetur et quo.', 3, '2019-02-22 11:42:03', '2019-02-22 11:42:03'),
(90, 31, 'Joanie Shields', 'Blanditiis sunt debitis eligendi dolor eaque dolore. Nihil consequatur eius pariatur a explicabo. Enim sit quos eius et magni nihil laudantium quis.', 0, '2019-02-22 11:42:03', '2019-02-22 11:42:03'),
(91, 43, 'Jermaine Ratke DDS', 'Eos saepe qui tempore tenetur aut ab rerum. Reiciendis eum nobis nobis facere in ut voluptas. Earum dignissimos facilis commodi.', 2, '2019-02-22 11:42:03', '2019-02-22 11:42:03'),
(92, 17, 'Cristian D\'Amore', 'Quia temporibus assumenda perferendis ut quaerat. Amet magnam reprehenderit laborum. Architecto itaque velit voluptates dignissimos.', 0, '2019-02-22 11:42:03', '2019-02-22 11:42:03'),
(93, 27, 'Ariane Fisher', 'Mollitia consequatur quis placeat. Ducimus blanditiis ut nostrum corrupti natus voluptas iure autem. Adipisci molestiae aut qui placeat aut aliquam veniam. Sapiente aut adipisci quia sed rerum aut repellat.', 2, '2019-02-22 11:42:03', '2019-02-22 11:42:03'),
(94, 12, 'Miss Trycia Mann', 'Minima nostrum id est vel nostrum consequatur praesentium. Et optio omnis facere id dolorem quasi non est. Similique consequuntur labore atque minus voluptatem dolorem.', 1, '2019-02-22 11:42:03', '2019-02-22 11:42:03'),
(95, 21, 'Brenna Aufderhar', 'Neque quam libero culpa cupiditate hic et. Architecto consequatur quia provident nam in.', 2, '2019-02-22 11:42:03', '2019-02-22 11:42:03'),
(96, 32, 'Estevan Klein', 'Numquam odio enim similique dolorem corporis. Ab ratione sunt et qui. Nobis est sequi excepturi. Eligendi reiciendis officia atque molestiae odio.', 2, '2019-02-22 11:42:03', '2019-02-22 11:42:03'),
(97, 42, 'Elmore Wisozk', 'Accusantium voluptate nostrum aperiam magnam aliquid eum. Explicabo quasi omnis ea. Aperiam voluptatem aliquam animi laboriosam repellat aspernatur harum.', 1, '2019-02-22 11:42:03', '2019-02-22 11:42:03'),
(98, 7, 'Leanne Grant', 'Quia accusamus et molestias quis hic. Quia fuga error id sed corrupti rem impedit. Qui provident consectetur temporibus et. Officia provident in magni facilis vel mollitia.', 3, '2019-02-22 11:42:03', '2019-02-22 11:42:03'),
(99, 20, 'Ms. Carmella Von', 'Tempore ab modi adipisci neque. Ratione aspernatur eaque illo debitis necessitatibus molestias dolor. Hic sequi eum sint qui eveniet consequuntur. Qui voluptas dolore incidunt. Voluptatem voluptatem sequi a debitis rerum nostrum dolorum.', 5, '2019-02-22 11:42:03', '2019-02-22 11:42:03'),
(100, 15, 'Katrina Adams', 'Perspiciatis autem sunt ipsa officia voluptatibus dolorum quia. Delectus corporis sit repudiandae atque quasi voluptatem molestias. Eius quisquam laborum aut et. Autem nobis facere consequatur voluptas.', 4, '2019-02-22 11:42:03', '2019-02-22 11:42:03'),
(101, 8, 'Reta Bradtke', 'Nostrum fugit sunt quis quia corrupti officia. Iste et quo sed magni ducimus perferendis. Ut nam dolorem est. Quidem quis necessitatibus autem voluptatem.', 5, '2019-02-22 11:42:03', '2019-02-22 11:42:03'),
(102, 8, 'Celestino Greenfelder II', 'Sed voluptatibus sequi ut dicta. Quaerat et pariatur dolorem veniam in tenetur accusamus. Quaerat maiores voluptas eos. Pariatur voluptas itaque sit aliquid sit consequatur a atque. Facilis quo facere cumque ex atque quo.', 3, '2019-02-22 11:42:03', '2019-02-22 11:42:03'),
(103, 11, 'Juvenal Stracke', 'Error minima est consequatur qui impedit velit sapiente ad. Enim quia eaque rerum repudiandae. Consequatur iusto rem voluptas temporibus. At commodi ea dolorem sit.', 4, '2019-02-22 11:42:03', '2019-02-22 11:42:03'),
(104, 10, 'Devante Boyle', 'Incidunt laborum incidunt et. Distinctio dolorem perspiciatis ullam dolorum voluptates vitae quo dolores. Debitis odio laboriosam nisi quod exercitationem laudantium. Expedita fugit aut reiciendis non.', 2, '2019-02-22 11:42:03', '2019-02-22 11:42:03'),
(105, 24, 'Omer Nader', 'Voluptatem maiores perspiciatis ad ducimus debitis quos atque. Eos quod et ullam culpa pariatur. Esse reprehenderit quo mollitia velit quidem possimus hic recusandae.', 2, '2019-02-22 11:42:03', '2019-02-22 11:42:03'),
(106, 44, 'Prof. Rodolfo Kerluke', 'Ut quod voluptates sapiente aut. Voluptatem similique aut quae dolore voluptas praesentium dolores. Neque consequatur quidem quidem quasi ut. Expedita rerum libero et.', 0, '2019-02-22 11:42:03', '2019-02-22 11:42:03'),
(107, 38, 'Prof. Nayeli Botsford DVM', 'Eum vel dolor eos voluptatem. Recusandae exercitationem nihil numquam. Odit optio facilis necessitatibus cupiditate.', 0, '2019-02-22 11:42:03', '2019-02-22 11:42:03'),
(108, 35, 'Van Roob', 'Consequatur veritatis officiis eum vel dolore aliquam. Fugit dolorum nostrum numquam maxime nesciunt quibusdam perspiciatis architecto. Distinctio iure dolor in consequatur nisi. Ducimus officiis autem iusto sed.', 1, '2019-02-22 11:42:03', '2019-02-22 11:42:03'),
(109, 34, 'Dr. Ryleigh Schmeler I', 'Est animi qui doloribus porro dolores dolor voluptas. Sint excepturi facilis doloribus itaque. Dolor ipsam similique necessitatibus velit officia esse enim error.', 4, '2019-02-22 11:42:03', '2019-02-22 11:42:03'),
(110, 48, 'Hallie Bednar', 'Id facere et ex qui. Quis recusandae voluptatem nisi corporis eos. Dolorem nesciunt iste est illo minima dolore provident. Enim qui est repellendus provident sunt quidem.', 0, '2019-02-22 11:42:03', '2019-02-22 11:42:03'),
(111, 42, 'Jonathan West', 'Et distinctio natus et ducimus veritatis omnis assumenda. Omnis rerum laboriosam praesentium aut ex laborum. Non ducimus dolor ut.', 5, '2019-02-22 11:42:03', '2019-02-22 11:42:03'),
(112, 16, 'Desiree Blanda', 'Incidunt tenetur vel rerum quo est ratione tempore ab. Dolorum et voluptas maiores quidem facere. Beatae alias in est quisquam quam. Doloremque tempore voluptatum at magnam tempora.', 2, '2019-02-22 11:42:03', '2019-02-22 11:42:03'),
(113, 50, 'Carissa Graham PhD', 'Molestias et temporibus modi quo dolorem neque ea aut. Cumque facilis exercitationem hic maxime. Architecto non ut repellat labore atque. Sunt aut corrupti molestiae eos ea quisquam.', 4, '2019-02-22 11:42:03', '2019-02-22 11:42:03'),
(114, 37, 'Corbin Quigley Jr.', 'Neque sunt minima quo qui. Harum eligendi aut et aut aut saepe eum. Officiis voluptas et vel debitis ea. Eum at expedita illo autem rem.', 2, '2019-02-22 11:42:03', '2019-02-22 11:42:03'),
(115, 46, 'Prof. Marietta Smitham', 'Aliquam earum velit odio consequatur architecto et. Nesciunt ratione enim tempora in eligendi.', 5, '2019-02-22 11:42:03', '2019-02-22 11:42:03'),
(116, 46, 'Matt Halvorson', 'Et repudiandae itaque vitae eveniet odit sit fugiat voluptatum. Non illum provident tenetur. Qui omnis corporis veritatis. Ipsam excepturi dolorem suscipit maiores et ea harum.', 5, '2019-02-22 11:42:03', '2019-02-22 11:42:03'),
(117, 42, 'Kara Koss', 'Ad in enim magni voluptas. Dolorum voluptates tempora beatae dolor rem velit non.', 5, '2019-02-22 11:42:03', '2019-02-22 11:42:03'),
(118, 43, 'Felicity McDermott', 'Illum eos tenetur quibusdam dolorem ullam est doloribus. Officia accusamus aliquid provident vitae sapiente illum. Id delectus sunt odit necessitatibus ut at incidunt provident.', 5, '2019-02-22 11:42:03', '2019-02-22 11:42:03'),
(119, 46, 'Rowena Conroy', 'Vitae laudantium fuga ab soluta ut tempora quia. Repellat laborum nostrum dolor porro placeat facere maxime reiciendis. Id quia vero nulla non qui. Velit similique qui quia sit dolor aut.', 3, '2019-02-22 11:42:03', '2019-02-22 11:42:03'),
(120, 43, 'Osvaldo Lind', 'Officiis assumenda et vel corrupti sit nemo. Quis dolores nam id nostrum qui ut. Quae perspiciatis omnis omnis quis eum qui et. Sit sunt blanditiis omnis quae aut et et mollitia.', 3, '2019-02-22 11:42:03', '2019-02-22 11:42:03'),
(121, 18, 'Miss Maude Connelly PhD', 'Hic nisi amet reprehenderit earum totam. Ab harum et perferendis explicabo. Doloremque consequatur natus est aperiam quia accusamus deleniti explicabo.', 1, '2019-02-22 11:42:03', '2019-02-22 11:42:03'),
(122, 36, 'Prof. Jalen Macejkovic Sr.', 'Enim explicabo omnis voluptatibus in. Et necessitatibus rem dignissimos ut non quia. Impedit aliquid dolores rerum consequatur nostrum. Quia et aliquid sit repudiandae voluptatibus ipsum et.', 2, '2019-02-22 11:42:03', '2019-02-22 11:42:03'),
(123, 27, 'Clinton Streich', 'Non temporibus voluptatem veniam modi soluta ipsam. Laudantium officiis optio nobis et. Et corrupti qui et exercitationem. Est corporis voluptatem sequi.', 1, '2019-02-22 11:42:03', '2019-02-22 11:42:03'),
(124, 21, 'Chaya Crooks', 'In officia facere doloribus corrupti. Et molestiae et ut nobis sed. Praesentium recusandae quasi quaerat. Rem esse quas aliquid et molestias debitis occaecati.', 3, '2019-02-22 11:42:03', '2019-02-22 11:42:03'),
(125, 12, 'Wellington Weimann Sr.', 'Hic repellat quis architecto id aperiam ut deleniti neque. Non mollitia quidem assumenda in provident quia. Ipsam eligendi eius iure neque est autem fuga. Deleniti est et optio totam explicabo officiis possimus. Ex est autem dolor recusandae.', 3, '2019-02-22 11:42:03', '2019-02-22 11:42:03'),
(126, 6, 'Louvenia Smith DVM', 'Voluptates et ad quas. Molestiae aut voluptatibus maxime vel ut non voluptates. Minima est sed libero perspiciatis. Qui eius et aliquam ratione.', 2, '2019-02-22 11:42:03', '2019-02-22 11:42:03'),
(127, 30, 'Lina Koch', 'Dolores ipsum est hic distinctio et et voluptas optio. Aut est quam quia ea voluptatibus quo nulla. Et quidem sit similique officiis. Blanditiis fugiat aut inventore unde illo dolor repellat.', 2, '2019-02-22 11:42:03', '2019-02-22 11:42:03'),
(128, 48, 'Josiane Koch', 'Ab quam saepe architecto unde quas omnis ut. Qui sit soluta aliquam odio officiis atque. Tempore rerum accusamus et nesciunt enim quod. Odio eaque porro tempora rem rerum.', 0, '2019-02-22 11:42:03', '2019-02-22 11:42:03'),
(129, 13, 'Adrian D\'Amore', 'In ut et ratione ratione dolores expedita voluptatem officia. Asperiores eius harum dolore nesciunt vitae et. Reiciendis debitis aut blanditiis magnam accusantium dolore aliquam.', 5, '2019-02-22 11:42:03', '2019-02-22 11:42:03'),
(130, 49, 'Glen Kozey I', 'Asperiores et blanditiis dolorum explicabo eum. Dolore quisquam nisi est. Quam enim blanditiis voluptatem sit optio nisi quidem. Minus aliquid dolores quasi ut cum. Nostrum molestiae et ea rerum officiis.', 2, '2019-02-22 11:42:03', '2019-02-22 11:42:03'),
(131, 38, 'Holden Boehm', 'Velit laboriosam non ratione eum occaecati quia ut. Similique inventore ipsa ea velit in enim rerum cupiditate. Corrupti ipsa occaecati in qui voluptas.', 0, '2019-02-22 11:42:03', '2019-02-22 11:42:03'),
(132, 42, 'Crystal Denesik', 'Id ea non quod ratione quod rerum. Hic velit assumenda et eaque et ea. Est hic deserunt animi sit quas ipsum. Quo ad consectetur sit consequatur eius.', 4, '2019-02-22 11:42:03', '2019-02-22 11:42:03'),
(133, 50, 'Jason VonRueden', 'Tempore ipsum repellat magnam dolor. Qui quam at eaque sunt ducimus. Repellendus sit cumque eos.', 2, '2019-02-22 11:42:03', '2019-02-22 11:42:03'),
(134, 50, 'Waylon Bechtelar', 'Sapiente omnis quis quaerat deserunt. Accusantium fugit hic perspiciatis officia in dignissimos dolor. Dolorum repellat numquam iste sunt voluptatem porro corrupti. Omnis eaque reprehenderit voluptatum quas magnam sit.', 4, '2019-02-22 11:42:03', '2019-02-22 11:42:03'),
(135, 27, 'Marilou Koepp', 'Alias id molestiae dolorum quas dolore qui incidunt. Voluptatem ut perspiciatis fugiat dicta non dolorum. Enim blanditiis quia distinctio voluptatibus.', 3, '2019-02-22 11:42:03', '2019-02-22 11:42:03'),
(136, 50, 'Watson Swift', 'Nulla reprehenderit ex veritatis qui placeat. Non aut distinctio possimus quia. Id et ipsum repellat voluptate rerum ea minima. Nam aut non qui soluta quam occaecati corrupti.', 2, '2019-02-22 11:42:03', '2019-02-22 11:42:03'),
(137, 41, 'Mrs. Magnolia Romaguera', 'Qui et est iste ab at impedit. Sed nostrum est esse dolorem aliquam asperiores et. Quia provident excepturi voluptatem ratione ducimus et provident vel. Ea soluta qui totam aperiam voluptate et repellat.', 3, '2019-02-22 11:42:03', '2019-02-22 11:42:03'),
(138, 47, 'Miss Ardella McLaughlin MD', 'Nesciunt deserunt vel nisi sunt omnis ut. Architecto quidem et facere occaecati sed quibusdam occaecati voluptatem. Natus quo beatae asperiores officiis temporibus suscipit quia.', 4, '2019-02-22 11:42:03', '2019-02-22 11:42:03'),
(139, 38, 'Branson Harber', 'Rerum pariatur et nihil facere. Commodi odio rerum natus unde natus autem iste. Deserunt dignissimos exercitationem omnis voluptas sed molestiae. Dolor deserunt cum corporis similique.', 4, '2019-02-22 11:42:03', '2019-02-22 11:42:03'),
(140, 1, 'Walton Sporer', 'Velit et numquam consequatur eligendi ut. Harum est velit ut voluptas recusandae explicabo et ut. Impedit totam facere nesciunt aut sapiente. Laudantium quibusdam quaerat pariatur eius similique eaque veritatis.', 2, '2019-02-22 11:42:03', '2019-02-22 11:42:03'),
(141, 43, 'Mr. Jarred Medhurst', 'Ratione eligendi et officia voluptas cum quae. Recusandae magnam accusamus suscipit ut. Ut deleniti facere sint quo beatae autem et.', 1, '2019-02-22 11:42:03', '2019-02-22 11:42:03'),
(142, 40, 'Warren Schoen', 'Nulla qui corporis dolor in at minus. Reprehenderit hic totam ducimus id. Molestiae laboriosam cumque debitis. Maxime repellendus veniam voluptatem qui iste.', 5, '2019-02-22 11:42:03', '2019-02-22 11:42:03'),
(143, 7, 'Mr. Chet Keeling', 'Et voluptatem omnis tempore nihil et quis sed voluptas. Omnis dolore fuga ut dolorum vel architecto.', 1, '2019-02-22 11:42:03', '2019-02-22 11:42:03'),
(144, 30, 'Catalina Adams', 'Repellat eius molestiae vel. Ut error nisi soluta odit optio. Quia reiciendis quam velit occaecati cum.', 3, '2019-02-22 11:42:03', '2019-02-22 11:42:03'),
(145, 41, 'Abdiel Wisozk', 'Animi reiciendis optio odit praesentium aut aut rerum. Amet libero veritatis id dolorem doloribus reprehenderit error. Libero sapiente rerum ut libero. Minima ut in ut pariatur qui blanditiis.', 0, '2019-02-22 11:42:03', '2019-02-22 11:42:03'),
(146, 46, 'Prof. Carmelo Kiehn', 'Aut earum illo assumenda debitis. Consequuntur aperiam consequatur ut qui odit laborum. Illum voluptas laborum fugiat vel distinctio nam necessitatibus.', 2, '2019-02-22 11:42:03', '2019-02-22 11:42:03'),
(147, 43, 'Griffin Leffler', 'Expedita necessitatibus veniam adipisci officiis. Dolore nisi non aut reprehenderit commodi. Et unde aperiam vel inventore est similique.', 0, '2019-02-22 11:42:03', '2019-02-22 11:42:03'),
(148, 4, 'Prof. Tiffany Prohaska', 'Incidunt illum eaque dolor qui aut. Quam consequatur provident architecto eum error autem in. Numquam ea cupiditate quo a beatae odio. Architecto qui blanditiis quia molestias laboriosam blanditiis sit ipsum. Sint et fuga sint commodi nam rerum et.', 1, '2019-02-22 11:42:03', '2019-02-22 11:42:03'),
(149, 29, 'Esmeralda Witting', 'Quo quos porro est neque. Est doloremque commodi recusandae asperiores. Quibusdam ut dolorem autem et consequuntur. Odit consequuntur fugit maxime qui tempora labore et qui.', 5, '2019-02-22 11:42:03', '2019-02-22 11:42:03'),
(150, 36, 'Elaina Beatty', 'Cum ut quo quae aut excepturi. Odio animi fuga libero aut est. Impedit at suscipit eligendi recusandae numquam voluptate et. Rerum natus quae soluta laborum vero repudiandae sapiente. Sed enim aut eveniet quia.', 2, '2019-02-22 11:42:03', '2019-02-22 11:42:03'),
(151, 4, 'Terrill Durgan', 'A provident voluptatem amet et. Id ut praesentium rerum excepturi. Qui adipisci incidunt est laboriosam alias architecto animi aliquid.', 3, '2019-02-22 11:42:03', '2019-02-22 11:42:03'),
(152, 24, 'Dr. Isaiah Tromp', 'Quasi inventore soluta officia temporibus at architecto. Minus earum quasi ipsa. Omnis exercitationem aut ad nostrum et. Aut laudantium eos vero asperiores ad beatae.', 4, '2019-02-22 11:42:03', '2019-02-22 11:42:03'),
(153, 26, 'Tabitha Hammes', 'Reiciendis est error eum quia quos. Beatae veniam odit vel maiores ullam. Quibusdam magni est sunt ipsam voluptatem.', 4, '2019-02-22 11:42:03', '2019-02-22 11:42:03'),
(154, 4, 'Leda Harber', 'Quia id sit aliquid porro. Sed laborum molestiae laborum autem. Vitae neque ipsum libero voluptatem. Reprehenderit odio placeat in praesentium et atque voluptas.', 1, '2019-02-22 11:42:03', '2019-02-22 11:42:03'),
(155, 37, 'Mr. Brendan Thiel', 'Officiis similique doloremque omnis aperiam vel sed et. Unde facere et id enim cumque voluptatem. Quam adipisci ipsum placeat enim.', 1, '2019-02-22 11:42:03', '2019-02-22 11:42:03'),
(156, 14, 'Prof. Jon Becker', 'Qui perspiciatis perspiciatis dolor molestiae aut molestiae. Nihil quo corrupti amet. Eum autem corporis unde quo dolores ut. Autem velit est officiis praesentium occaecati non.', 3, '2019-02-22 11:42:03', '2019-02-22 11:42:03'),
(157, 12, 'Jerod Ortiz II', 'Non omnis quis facilis distinctio nulla quaerat magni. Est necessitatibus officia aut dolore dolorem. Aut dignissimos itaque quam et et dolore dolorem.', 2, '2019-02-22 11:42:03', '2019-02-22 11:42:03'),
(158, 5, 'new', 'New details', 5, '2019-02-22 11:42:03', '2019-02-22 12:47:00'),
(159, 50, 'Ms. Genevieve Aufderhar', 'Veniam autem soluta sapiente adipisci. Quia dolores aut quidem suscipit itaque dolorum repudiandae ut. Ullam perspiciatis nemo ad ea. Recusandae iusto asperiores facilis in nam minus consequatur.', 3, '2019-02-22 11:42:03', '2019-02-22 11:42:03'),
(160, 32, 'Ashleigh Schumm', 'Qui hic sit et et odio iure. Autem et et illum repellendus ut ad.', 5, '2019-02-22 11:42:03', '2019-02-22 11:42:03'),
(161, 44, 'Jazmyn Nienow', 'Eius ullam iure aliquam. Quo voluptates hic dolorem molestiae nulla.', 5, '2019-02-22 11:42:03', '2019-02-22 11:42:03'),
(162, 38, 'Maynard Aufderhar', 'Suscipit quis voluptate repudiandae facilis velit quae. A officia a voluptatibus voluptatibus sit in. Veritatis odit qui qui ex eos. Earum earum deserunt explicabo velit sit nesciunt. Tenetur quas enim quibusdam architecto dolor hic.', 5, '2019-02-22 11:42:03', '2019-02-22 11:42:03'),
(163, 14, 'Alf Larson', 'Aut rerum provident voluptatum deserunt. Est earum odit cupiditate saepe. Cumque consequatur et consequatur tempora earum eos esse.', 0, '2019-02-22 11:42:03', '2019-02-22 11:42:03'),
(164, 41, 'Estevan Frami', 'Qui corporis nisi expedita natus. Sed enim et doloremque cupiditate exercitationem ea. Incidunt aut aut odio ut.', 3, '2019-02-22 11:42:03', '2019-02-22 11:42:03'),
(165, 4, 'Nikita Stark', 'In ipsum perspiciatis nobis repellendus voluptatem fugit fugit laborum. Id cum id voluptate quisquam dolores consequatur cum. Et similique temporibus incidunt sed modi et nisi. Modi dolorem reiciendis quidem iste debitis at sint officiis. Assumenda recusandae quos consequuntur accusamus a.', 2, '2019-02-22 11:42:03', '2019-02-22 11:42:03'),
(166, 34, 'Regan Braun', 'Dolorum consequatur sit recusandae laudantium velit ut sed. Recusandae dignissimos eveniet vel reprehenderit. Sunt consectetur et qui modi et doloremque et. Perferendis possimus rerum aut rerum dolor sit cumque quis. Quae cumque illo accusantium est et.', 5, '2019-02-22 11:42:03', '2019-02-22 11:42:03'),
(167, 35, 'Alysa Lockman', 'Dicta alias et nemo voluptate optio non. Sint eius odit voluptatem est at. Non non sint occaecati ducimus.', 0, '2019-02-22 11:42:03', '2019-02-22 11:42:03'),
(168, 5, 'Kaci Ullrich III', 'Et vitae et nemo commodi excepturi nesciunt et. Dolores velit molestiae odio consequuntur necessitatibus. Et enim doloribus esse ab.', 3, '2019-02-22 11:42:03', '2019-02-22 11:42:03'),
(169, 6, 'Sid Bashirian', 'Maxime consequatur molestiae optio incidunt ut accusamus. Occaecati magnam fuga quia eligendi. Sunt nulla ea velit rerum soluta et et. Omnis et sed omnis eaque eaque.', 5, '2019-02-22 11:42:03', '2019-02-22 11:42:03'),
(170, 43, 'Nelda Dicki', 'Id rerum pariatur placeat. Doloribus voluptas inventore saepe natus. Ut fugit rem dolor vel molestiae.', 4, '2019-02-22 11:42:03', '2019-02-22 11:42:03'),
(171, 6, 'Georgette Schumm', 'Mollitia perferendis ipsum vero qui et aut quia. Possimus et et laboriosam quae aut autem quibusdam. Accusantium exercitationem unde possimus quisquam laborum id repellendus.', 4, '2019-02-22 11:42:03', '2019-02-22 11:42:03'),
(172, 5, 'Miss Raquel Kautzer MD', 'Magnam rerum rerum voluptas voluptas vel. Omnis consequatur ex accusamus consequuntur ut. Ut dolor temporibus iure natus.', 1, '2019-02-22 11:42:03', '2019-02-22 11:42:03'),
(173, 10, 'Prof. Angeline Ward', 'Eos magnam iste ut dicta. Sed deserunt sit libero ut earum. Libero molestias ullam quas quia quia magni.', 4, '2019-02-22 11:42:03', '2019-02-22 11:42:03'),
(174, 50, 'Howell Reilly', 'Quos qui et sapiente. Delectus dignissimos non autem voluptatem et quia. Ea aut eligendi dolor illum laudantium velit. Corporis consequatur corrupti cum ut reiciendis voluptates et.', 2, '2019-02-22 11:42:03', '2019-02-22 11:42:03'),
(175, 23, 'Mrs. Maeve Braun IV', 'Dolor assumenda officia autem tenetur. Amet ea velit et aliquid. Est velit quam qui consequatur. In quae et saepe. Vel et consequatur sit adipisci debitis ut.', 0, '2019-02-22 11:42:03', '2019-02-22 11:42:03'),
(176, 24, 'Weston Eichmann', 'Nulla et sed provident non. Repellat fuga ex saepe a est inventore. Dolor id molestias quia dolore perspiciatis libero. Nihil explicabo consequuntur voluptatem et.', 5, '2019-02-22 11:42:03', '2019-02-22 11:42:03'),
(177, 27, 'Nyah Waelchi', 'Et incidunt ducimus error hic. Ipsa voluptate impedit amet officia quis corporis. Dolorum soluta aut illo numquam.', 0, '2019-02-22 11:42:03', '2019-02-22 11:42:03'),
(178, 11, 'Lydia Bailey V', 'Sit omnis magni non dolorum ut. Provident repudiandae placeat voluptatum a sit. Amet dolores voluptatem non facilis provident earum ut. Tempora quibusdam accusamus molestias rerum.', 2, '2019-02-22 11:42:03', '2019-02-22 11:42:03'),
(179, 2, 'Mekhi Corkery', 'Voluptatibus et dolorum incidunt. Recusandae non beatae deleniti architecto eos ducimus eaque beatae. Ut ut ex et consectetur sint hic architecto placeat.', 1, '2019-02-22 11:42:03', '2019-02-22 11:42:03'),
(180, 6, 'Mr. Stone Howell', 'Ut error qui consectetur praesentium labore quod saepe. Harum voluptas nostrum sit quisquam. Magni ut fugit ipsam aliquam et. Facilis ab saepe dicta eius consequuntur.', 4, '2019-02-22 11:42:03', '2019-02-22 11:42:03'),
(181, 1, 'Mrs. Ida Rath', 'Aliquam omnis eaque consectetur doloribus tempore. Occaecati id et qui nisi minus. Illum et dolores quo.', 2, '2019-02-22 11:42:03', '2019-02-22 11:42:03'),
(182, 9, 'Wyatt West', 'Ullam dolores rerum corporis modi. Molestiae recusandae recusandae aut quibusdam. Praesentium incidunt sit tempore dolorem.', 4, '2019-02-22 11:42:03', '2019-02-22 11:42:03'),
(183, 21, 'Prof. Anita Wisozk DDS', 'Quia odit vel consectetur rerum sit quia. Ullam et provident ea ut dolor asperiores et ipsa. Ea et reprehenderit maxime facilis molestias voluptatem. Voluptates sunt labore facilis tenetur in illo.', 0, '2019-02-22 11:42:03', '2019-02-22 11:42:03'),
(184, 48, 'Annabel Hartmann', 'Distinctio modi sed temporibus nam aut vel delectus. Hic necessitatibus voluptatibus omnis molestiae voluptatem molestiae asperiores et. Natus amet modi magnam voluptatibus non et quis.', 0, '2019-02-22 11:42:03', '2019-02-22 11:42:03'),
(185, 2, 'Sonny Wyman', 'Facere ea officia ipsam omnis excepturi. Et fugit quas amet consequatur suscipit reiciendis. Aut facilis voluptatem debitis quisquam tempore consequuntur. Doloribus ut aut ipsa sunt beatae autem. Cumque aut quia illum recusandae.', 5, '2019-02-22 11:42:03', '2019-02-22 11:42:03'),
(186, 20, 'Dr. Anibal Schneider DVM', 'Omnis et distinctio repudiandae molestias consequatur consectetur. Iusto nam facere animi possimus aut ut nobis. Error qui est et est nostrum.', 5, '2019-02-22 11:42:03', '2019-02-22 11:42:03'),
(187, 25, 'Alva Goyette', 'Sint amet sunt velit officia laudantium exercitationem quam. Est voluptatibus odit voluptas repellendus quasi corrupti. Quaerat labore quam est nobis dignissimos iste qui. Sit cum ab sed deleniti placeat soluta et.', 1, '2019-02-22 11:42:03', '2019-02-22 11:42:03'),
(188, 18, 'Mrs. Loren Gutkowski', 'Placeat ullam eveniet quo neque est distinctio dolore. Nobis accusantium excepturi similique vero. Vel explicabo quis ipsum nihil illo.', 0, '2019-02-22 11:42:03', '2019-02-22 11:42:03'),
(189, 10, 'Vivian Homenick', 'Molestiae natus cupiditate et ea. Amet aliquam vel laudantium assumenda maxime. Placeat repudiandae ut error unde animi et. Dolorum error qui aut.', 5, '2019-02-22 11:42:03', '2019-02-22 11:42:03'),
(190, 12, 'Prof. Yvette Reichel', 'Nesciunt non ut sed officia numquam et. Aliquid voluptates magni similique. Harum neque velit animi magnam aliquam odio.', 4, '2019-02-22 11:42:03', '2019-02-22 11:42:03'),
(191, 33, 'Burdette Ernser', 'Voluptatem rem iste magni exercitationem explicabo. Aliquid et error est perferendis nemo voluptate iure. Voluptatem architecto dolorem aliquid voluptatem facilis. Enim inventore rerum doloremque sequi nisi omnis voluptatibus.', 1, '2019-02-22 11:42:03', '2019-02-22 11:42:03'),
(192, 9, 'Eriberto Eichmann', 'Dolores dolores sit non eum. Eveniet et sint ut iusto non ut sed. Quia est enim nisi velit.', 3, '2019-02-22 11:42:03', '2019-02-22 11:42:03'),
(193, 49, 'Helena McLaughlin', 'Deleniti et quisquam modi aut labore asperiores. Ut quisquam repudiandae magni dolores omnis voluptatem. Velit voluptatibus commodi ullam voluptatem molestiae repellendus et. Ut totam voluptatem neque repellendus accusantium.', 5, '2019-02-22 11:42:03', '2019-02-22 11:42:03'),
(194, 24, 'Victor Wilderman I', 'Necessitatibus et distinctio qui asperiores. Fuga ipsam itaque aperiam ut. Et suscipit totam molestias reiciendis blanditiis sequi.', 5, '2019-02-22 11:42:03', '2019-02-22 11:42:03'),
(195, 25, 'Mr. Amparo Streich', 'Nam temporibus modi ea doloribus inventore eum. Eum atque quia reiciendis similique dignissimos. Quo et quae facilis beatae assumenda accusamus error illo.', 5, '2019-02-22 11:42:03', '2019-02-22 11:42:03'),
(196, 42, 'Mrs. Estefania Kozey', 'Natus suscipit aspernatur fugiat sed qui ipsa. Autem quisquam expedita possimus laboriosam eum et quos. Enim et in voluptas architecto laborum quisquam. Incidunt perspiciatis minima cum soluta atque eos aliquam.', 5, '2019-02-22 11:42:03', '2019-02-22 11:42:03'),
(197, 9, 'Germaine Mitchell', 'Ipsam quae qui molestiae architecto. Accusamus voluptates dolorum ex aperiam dignissimos architecto dolorem qui. Iusto cupiditate ab sed.', 4, '2019-02-22 11:42:03', '2019-02-22 11:42:03'),
(198, 41, 'Ryann Fisher', 'Ut numquam laborum suscipit. Reprehenderit minus velit similique maiores qui quo. Ullam ex veritatis et aut rerum repudiandae aut.', 2, '2019-02-22 11:42:03', '2019-02-22 11:42:03'),
(199, 25, 'Ezekiel Grant', 'Enim necessitatibus vel iusto et. Unde minima velit est odio. Sunt qui saepe vitae provident eos nulla delectus. Cum omnis qui repudiandae velit dolores voluptas et odio.', 5, '2019-02-22 11:42:03', '2019-02-22 11:42:03'),
(200, 21, 'Kayley Bode III', 'Cum accusamus dolorum optio eos sed. Facere repellendus odit quis voluptates non. Est assumenda esse commodi eaque.', 5, '2019-02-22 11:42:03', '2019-02-22 11:42:03'),
(201, 34, 'Jeanne Emmerich I', 'Perspiciatis hic temporibus qui perferendis nam architecto. Dignissimos dolore neque enim explicabo vel voluptas. Porro autem aut dicta non inventore. Reiciendis ut qui placeat.', 0, '2019-02-22 11:42:03', '2019-02-22 11:42:03'),
(202, 29, 'Margarete Runolfsson', 'Quo sed assumenda doloribus et suscipit. Sed doloribus est sed sunt adipisci. Voluptatum cum aut quia mollitia animi consequatur.', 2, '2019-02-22 11:42:03', '2019-02-22 11:42:03'),
(203, 30, 'Ari Reichel III', 'Minima suscipit dolor quidem velit tempore aliquid. Voluptatibus aliquam blanditiis nam. Sit voluptas et tenetur labore. Aut sed atque facere dolorum.', 2, '2019-02-22 11:42:03', '2019-02-22 11:42:03'),
(204, 18, 'Johnpaul Kreiger I', 'Vitae ipsam provident possimus aperiam repellat qui voluptas. Tenetur rerum dolor est et necessitatibus consequatur error pariatur. Accusamus veritatis velit maxime perferendis fugit aut id.', 5, '2019-02-22 11:42:03', '2019-02-22 11:42:03'),
(205, 36, 'Jackeline Huels I', 'Fugiat nostrum aut et nesciunt quos. Adipisci corrupti omnis reiciendis accusantium deleniti odio.', 2, '2019-02-22 11:42:03', '2019-02-22 11:42:03'),
(206, 34, 'Lois Beahan', 'Rerum facilis voluptatem qui adipisci. Non et qui illo similique sed velit quia. Non a cum placeat voluptas sit repellendus. Molestiae est officiis possimus error quo occaecati.', 0, '2019-02-22 11:42:03', '2019-02-22 11:42:03'),
(207, 41, 'Donavon Blanda V', 'Laudantium ullam laudantium qui. Amet necessitatibus optio minus et nemo eos. Alias illum placeat saepe odit laudantium neque incidunt. Provident distinctio nisi quis repellendus.', 0, '2019-02-22 11:42:03', '2019-02-22 11:42:03'),
(208, 6, 'Edison Dibbert', 'Deserunt quis rerum et vel voluptas autem. Veniam sed corrupti mollitia. Ut sit natus natus iusto. Dignissimos voluptatibus aut qui totam.', 1, '2019-02-22 11:42:03', '2019-02-22 11:42:03'),
(209, 31, 'Prof. Marc Klein PhD', 'Exercitationem ut voluptatem qui quae qui quibusdam. Totam libero saepe et perspiciatis animi. Suscipit qui velit id aut nulla suscipit ab.', 5, '2019-02-22 11:42:03', '2019-02-22 11:42:03');
INSERT INTO `reviews` (`id`, `product_id`, `customer`, `review`, `star`, `created_at`, `updated_at`) VALUES
(210, 9, 'Israel Flatley', 'Atque modi error illum qui aspernatur. Quia praesentium sed omnis omnis. Non voluptas vitae qui ipsam. Architecto et et ut veritatis et quisquam facilis.', 2, '2019-02-22 11:42:03', '2019-02-22 11:42:03'),
(211, 23, 'Sasha Kertzmann', 'Id iste enim porro in. Magnam asperiores id nihil odio dolores ipsum eveniet incidunt. Est reiciendis molestias et velit cupiditate. Sit rerum explicabo hic laudantium nesciunt vitae.', 2, '2019-02-22 11:42:03', '2019-02-22 11:42:03'),
(212, 17, 'Prof. Rafaela Jerde V', 'Nihil nesciunt deleniti corporis omnis esse soluta. Impedit praesentium voluptatem laudantium. Quae nobis odio omnis voluptates.', 5, '2019-02-22 11:42:03', '2019-02-22 11:42:03'),
(213, 3, 'Kara Balistreri', 'Voluptas ipsa corporis ut molestiae nihil vel. Et exercitationem qui in animi natus tempore officiis. Neque dolorem ullam recusandae et porro.', 1, '2019-02-22 11:42:03', '2019-02-22 11:42:03'),
(214, 31, 'Kirk Skiles', 'Reiciendis et et maiores blanditiis et voluptatem. Vero laboriosam et aut ut aut iusto. Ut cum ut est rerum quia officiis sit.', 1, '2019-02-22 11:42:03', '2019-02-22 11:42:03'),
(215, 46, 'Mr. Eliezer Pacocha PhD', 'Veritatis mollitia explicabo reiciendis est. Vitae minima quo repudiandae quo et perspiciatis optio. In dolore porro repellat et atque fugiat.', 5, '2019-02-22 11:42:03', '2019-02-22 11:42:03'),
(216, 4, 'Ted Sawayn', 'Autem culpa quia sequi similique corporis ut ut. Sint ut molestias reprehenderit velit ipsam maiores totam soluta.', 5, '2019-02-22 11:42:03', '2019-02-22 11:42:03'),
(217, 42, 'Bernita Hodkiewicz Jr.', 'Ea consequuntur ad voluptatum nihil. Sint amet consequatur est quas.', 0, '2019-02-22 11:42:03', '2019-02-22 11:42:03'),
(218, 3, 'Olga Wyman', 'In omnis esse reprehenderit quos. Corporis inventore cum animi. Voluptatem recusandae velit quia non ullam ducimus quia. Pariatur dolor dignissimos non odio id facilis eum.', 4, '2019-02-22 11:42:03', '2019-02-22 11:42:03'),
(219, 41, 'Eloise Hilpert I', 'Et sed magni pariatur mollitia vitae porro. Voluptatem voluptatibus nulla corporis nulla facilis cumque est. Doloribus omnis in excepturi laborum et temporibus doloremque sit. Laboriosam ab exercitationem vel molestiae aut.', 2, '2019-02-22 11:42:03', '2019-02-22 11:42:03'),
(220, 23, 'Elody Ryan IV', 'Doloremque porro est quia illo cumque eaque. Facilis et veniam quasi numquam aperiam libero. Optio rerum minima qui est. Voluptates ratione non ipsam quo quasi dignissimos deleniti explicabo.', 3, '2019-02-22 11:42:03', '2019-02-22 11:42:03'),
(221, 50, 'Sabina Fritsch', 'Officia deserunt nisi a illum quam non commodi. Qui voluptas et alias. Nobis odit eum expedita rerum omnis et. Ut eos hic ut.', 2, '2019-02-22 11:42:03', '2019-02-22 11:42:03'),
(222, 13, 'Dr. Werner Wunsch DVM', 'Sit rerum est commodi ut. Laudantium illum sapiente et animi perferendis culpa inventore. Sed et quis nulla totam et. Et quam id voluptatem error recusandae quis et.', 5, '2019-02-22 11:42:03', '2019-02-22 11:42:03'),
(223, 26, 'Alta Witting', 'Ut aut sint dolores ut. Consequatur veniam voluptate quasi iste et accusamus adipisci. Laboriosam officia incidunt et ut ullam ex qui praesentium.', 4, '2019-02-22 11:42:03', '2019-02-22 11:42:03'),
(224, 37, 'Ruben Kemmer', 'Rem voluptas aperiam omnis dolores. Enim et quis est iusto exercitationem porro explicabo. Sed doloribus sit voluptatum fugit ducimus.', 5, '2019-02-22 11:42:03', '2019-02-22 11:42:03'),
(225, 37, 'Liana McKenzie', 'Accusamus et voluptatibus veritatis. Non ea quisquam consequatur nesciunt. Et dolorem minima qui aut eligendi quia aut.', 4, '2019-02-22 11:42:03', '2019-02-22 11:42:03'),
(226, 18, 'Ms. Leanna Bashirian', 'Voluptatem id aliquam atque natus aut ut. Non alias cumque expedita harum natus error. Magnam consequatur est sed placeat nesciunt. Autem nobis amet voluptas omnis aut enim repellendus. Est aut ut consequatur nam est a velit.', 0, '2019-02-22 11:42:03', '2019-02-22 11:42:03'),
(227, 22, 'Nelson Shanahan', 'Nesciunt rerum dolor autem odit ipsam praesentium nobis. Pariatur asperiores quia adipisci voluptatem. Sint cum rerum commodi quaerat et molestiae itaque officia.', 5, '2019-02-22 11:42:03', '2019-02-22 11:42:03'),
(228, 38, 'Zita Legros', 'Ea est autem ut laborum perferendis. Tempora corporis eos tempora recusandae assumenda. Quia quidem vel ut ipsam dolorem et.', 1, '2019-02-22 11:42:03', '2019-02-22 11:42:03'),
(229, 14, 'Nels Schuster', 'Voluptatem tenetur explicabo ad nobis. Nesciunt consequatur accusantium voluptatum id in. Nobis suscipit et illo. Aut id autem ea nobis molestiae autem fugiat fugiat. Deserunt dolores nostrum id et occaecati excepturi perspiciatis.', 4, '2019-02-22 11:42:03', '2019-02-22 11:42:03'),
(230, 9, 'Bernice Stracke', 'Veritatis accusamus ab cumque fuga rerum. Soluta culpa cum voluptatum ea sit.', 5, '2019-02-22 11:42:03', '2019-02-22 11:42:03'),
(231, 11, 'Aaliyah Reynolds', 'Totam tenetur vitae expedita non nulla aut nemo illo. Officiis dolorem eaque excepturi id voluptatem voluptas eveniet. Sit reiciendis deserunt voluptas reiciendis distinctio tempora aut.', 4, '2019-02-22 11:42:03', '2019-02-22 11:42:03'),
(232, 33, 'Barney Zulauf MD', 'Quibusdam saepe eveniet magni rerum quas qui. Reprehenderit sit quo sit nihil et. Corporis quibusdam soluta provident inventore. Molestiae aut numquam tempore sit est minima ut.', 2, '2019-02-22 11:42:03', '2019-02-22 11:42:03'),
(233, 17, 'Ephraim Ledner', 'Optio ipsum dolor quaerat suscipit nihil quia a. Ea cupiditate itaque molestias et eligendi. Asperiores aut accusamus voluptatibus et in reprehenderit eligendi earum. Et iste enim nobis quod.', 4, '2019-02-22 11:42:03', '2019-02-22 11:42:03'),
(234, 26, 'Prof. Ricky Eichmann', 'Beatae repellat veniam est possimus voluptatem officiis. Accusamus qui animi qui aspernatur. Molestiae mollitia minima non quas officiis quaerat. Reiciendis sequi et quia neque et doloribus.', 4, '2019-02-22 11:42:03', '2019-02-22 11:42:03'),
(235, 17, 'Mr. Trystan Crona DVM', 'Sunt aperiam perspiciatis sint. Ab et eveniet voluptatem sit. Exercitationem dolor ipsa et nostrum.', 3, '2019-02-22 11:42:03', '2019-02-22 11:42:03'),
(236, 50, 'Ms. Flossie Wiza', 'Possimus dolor voluptatem possimus aperiam minus vitae voluptas. Asperiores natus in corrupti deserunt saepe excepturi. Labore architecto nostrum sunt tempore voluptatibus. Et veritatis et et quaerat.', 1, '2019-02-22 11:42:03', '2019-02-22 11:42:03'),
(237, 45, 'Madaline Ernser', 'Officia voluptatem vero tenetur neque voluptatem saepe omnis. Veritatis ut repudiandae ut. Assumenda nisi accusantium exercitationem nihil et autem. Optio ab eligendi occaecati voluptates sequi optio. Voluptatem numquam iusto aliquam sed.', 1, '2019-02-22 11:42:03', '2019-02-22 11:42:03'),
(238, 21, 'Celine Reichert MD', 'Recusandae occaecati consequatur ab necessitatibus officiis ipsam. Sit est est error. Amet earum reiciendis unde omnis eligendi.', 0, '2019-02-22 11:42:03', '2019-02-22 11:42:03'),
(239, 21, 'Dudley Krajcik', 'Voluptatem ut molestias incidunt aliquid iusto dignissimos. In cumque quo reprehenderit amet. Ea ut modi tempore voluptas molestiae.', 5, '2019-02-22 11:42:03', '2019-02-22 11:42:03'),
(240, 17, 'Dr. Christophe Schmeler IV', 'Minima sit quis nemo autem aut rerum. Vel rerum qui eos nulla ab et. Nesciunt odio accusamus a. Nobis delectus omnis alias nostrum qui.', 4, '2019-02-22 11:42:03', '2019-02-22 11:42:03'),
(241, 40, 'Quinten Boyer', 'Eum libero aperiam quam. Adipisci et repellat ducimus quibusdam. In sit inventore quaerat sed hic sint velit voluptatum. Distinctio velit sit quia numquam.', 3, '2019-02-22 11:42:03', '2019-02-22 11:42:03'),
(242, 21, 'Watson Swift', 'Repellendus nihil nulla non veritatis sequi. Doloribus rerum esse fugiat et et atque. Sint facere ab delectus. Et consequatur aut minima id cum quae.', 3, '2019-02-22 11:42:03', '2019-02-22 11:42:03'),
(243, 18, 'Sister Bartoletti', 'Quia eum aut doloribus ut. Ducimus molestiae quia omnis dolores. Provident ducimus dolor doloribus voluptate molestias. Earum omnis ratione neque suscipit.', 1, '2019-02-22 11:42:03', '2019-02-22 11:42:03'),
(244, 21, 'Mozell Conroy', 'Assumenda consequatur sint doloribus dicta aspernatur dicta eveniet. Suscipit id ea enim et. Ipsum fugiat veniam velit fuga. Ipsa iusto ullam consequatur magni quia aliquid quibusdam molestiae. Repellendus veniam aut quo consequuntur enim molestiae corporis.', 0, '2019-02-22 11:42:03', '2019-02-22 11:42:03'),
(245, 48, 'Bella Aufderhar', 'Eos expedita eum voluptate alias voluptas repellat qui architecto. Aut exercitationem laudantium enim ipsam. Quia reiciendis repudiandae maiores porro explicabo quia. Non rerum voluptatem nihil sit id numquam sit.', 2, '2019-02-22 11:42:03', '2019-02-22 11:42:03'),
(246, 25, 'Prof. Pietro Morar', 'Quis sint iusto consectetur veniam quos eum. Blanditiis mollitia maiores rerum nulla minima quo.', 3, '2019-02-22 11:42:03', '2019-02-22 11:42:03'),
(247, 38, 'Emerald Kulas', 'Quia repellat tempora rem. Perspiciatis earum est est. Aut quo in enim quo omnis beatae.', 3, '2019-02-22 11:42:03', '2019-02-22 11:42:03'),
(248, 49, 'Rodolfo Wiza', 'Cupiditate sit qui nihil doloribus. Ut ut pariatur odit dolores. Aliquid dolor exercitationem sit quae cupiditate. Voluptatem aut aut illo inventore officia ut porro. Quae illum aut quis eos nobis corrupti id.', 4, '2019-02-22 11:42:03', '2019-02-22 11:42:03'),
(249, 42, 'Dr. Rudolph Mayert DDS', 'Placeat similique consequatur sed ut. Excepturi aut quae eos rerum a nesciunt. Maxime inventore quas vel ut laborum quos ut.', 0, '2019-02-22 11:42:03', '2019-02-22 11:42:03'),
(250, 49, 'Harmony Kuhic III', 'Neque quo repellendus ea accusantium error quidem nesciunt. Perferendis sit aliquam quia aut perspiciatis temporibus corporis quo. Quia vitae unde dolores consequatur aperiam.', 4, '2019-02-22 11:42:03', '2019-02-22 11:42:03'),
(251, 39, 'Carmela Torp', 'Voluptatum corrupti sunt iure delectus repellendus. Velit quaerat repellendus vel neque facere. Qui dolores eveniet sint quasi eius ea ipsam.', 1, '2019-02-22 11:42:03', '2019-02-22 11:42:03'),
(252, 9, 'Miss Patience Deckow II', 'Sapiente repudiandae blanditiis unde consequatur. Enim veritatis ut et cum consectetur porro. Illo nam nobis quibusdam sint animi pariatur officia.', 2, '2019-02-22 11:42:03', '2019-02-22 11:42:03'),
(253, 44, 'Aurelia Grady', 'Impedit debitis nobis suscipit aperiam similique. Harum ea illo et. Voluptatem quia est voluptatem corporis blanditiis et.', 1, '2019-02-22 11:42:03', '2019-02-22 11:42:03'),
(254, 40, 'Sonya Boyer', 'Minima tempore laudantium laboriosam nobis. Enim temporibus placeat temporibus atque ex nostrum. Ipsam deleniti eum voluptatibus sed voluptas. Odio fuga ducimus totam laboriosam. Corporis porro cupiditate voluptatem adipisci harum dolore.', 4, '2019-02-22 11:42:03', '2019-02-22 11:42:03'),
(255, 11, 'Cooper Mueller', 'Voluptas vitae ullam quos quia beatae quae est voluptatem. Aliquam eos est voluptatum quod. Nam odit illo voluptatem saepe laboriosam quos vitae.', 1, '2019-02-22 11:42:03', '2019-02-22 11:42:03'),
(256, 25, 'Maggie Lakin', 'Ratione totam voluptatibus repellat distinctio. Repellat laudantium ut veniam. Sint esse dolores molestiae sint aspernatur. Iste exercitationem commodi beatae doloremque est qui.', 3, '2019-02-22 11:42:03', '2019-02-22 11:42:03'),
(257, 5, 'Garry Bradtke', 'In vel debitis tenetur voluptatibus. Quia enim sequi et cumque vel. Est dolor voluptatem sit iste atque odio corporis.', 0, '2019-02-22 11:42:03', '2019-02-22 11:42:03'),
(258, 25, 'Zita Sipes', 'Molestiae aut itaque natus aut sunt reprehenderit. Et odio modi ut eos.', 2, '2019-02-22 11:42:03', '2019-02-22 11:42:03'),
(259, 9, 'Kurtis VonRueden', 'Consequatur ut pariatur aliquid autem perspiciatis sit neque. Provident perferendis eaque at blanditiis excepturi enim. Minus aut neque error quasi.', 2, '2019-02-22 11:42:03', '2019-02-22 11:42:03'),
(260, 24, 'Prof. Kameron Breitenberg', 'Quidem sed in est eius et delectus rem. Aut eos nobis quam et adipisci repellat sapiente. Quaerat ut necessitatibus non voluptatem deserunt quae beatae. Omnis iure porro minus laborum quaerat.', 5, '2019-02-22 11:42:03', '2019-02-22 11:42:03'),
(261, 38, 'Imogene Pacocha', 'Voluptas perferendis cum quis at vero. Quisquam doloremque impedit rerum dolore quis et iste consectetur.', 1, '2019-02-22 11:42:03', '2019-02-22 11:42:03'),
(262, 43, 'Jamil Gorczany', 'Repellat natus non accusamus voluptas ipsa provident deserunt. Quas vitae aliquam sint molestiae corporis. Aliquid quam repellendus commodi velit.', 0, '2019-02-22 11:42:03', '2019-02-22 11:42:03'),
(263, 8, 'Sylvan Koch', 'Voluptatem placeat quibusdam delectus. Dolorem sit dolor enim. Eaque labore vel aut consequatur molestiae.', 1, '2019-02-22 11:42:03', '2019-02-22 11:42:03'),
(264, 10, 'Anne Morar', 'Autem cupiditate ipsa quia aut voluptatem rem. Assumenda provident reprehenderit neque quas. Quia assumenda autem eum hic soluta est. Facere nostrum asperiores harum sint voluptatem libero odio.', 1, '2019-02-22 11:42:03', '2019-02-22 11:42:03'),
(265, 1, 'Candice Hyatt DDS', 'Porro vitae quibusdam eum placeat sunt consequatur. Voluptas et exercitationem aut. Veniam nemo cumque quas quo et voluptatem.', 0, '2019-02-22 11:42:03', '2019-02-22 11:42:03'),
(266, 28, 'Keven Becker I', 'Consequatur hic perferendis modi ut molestias autem. Vel quis sunt quaerat in nihil inventore perferendis corrupti. Aut distinctio maiores quae voluptatem aut sint. Vitae quibusdam non non qui sed deleniti enim. Enim id reprehenderit est itaque aut minus non.', 2, '2019-02-22 11:42:03', '2019-02-22 11:42:03'),
(267, 28, 'Khalid Kerluke', 'Id provident vitae dolorem est architecto. Aliquam id est quas asperiores. Quae ex inventore ullam inventore nisi.', 3, '2019-02-22 11:42:03', '2019-02-22 11:42:03'),
(268, 12, 'Lea Heidenreich', 'Expedita autem quia sapiente repellendus culpa. Deleniti impedit beatae vitae est deserunt quod officiis. Et autem quibusdam architecto sit cumque. Similique eligendi sequi ducimus.', 1, '2019-02-22 11:42:03', '2019-02-22 11:42:03'),
(269, 8, 'Davonte Heathcote III', 'Cum accusamus et aut. Ut rerum asperiores quasi doloribus. Natus at voluptas explicabo ratione maxime. Modi accusantium et aut recusandae ratione nisi.', 4, '2019-02-22 11:42:03', '2019-02-22 11:42:03'),
(270, 9, 'Joseph Daniel', 'Dignissimos ratione et dicta quibusdam. Nesciunt velit deleniti ut nihil omnis fugiat a. Et sit aut dolore quae. Illum accusantium aut in minus. Voluptatibus quia quia accusamus est explicabo commodi.', 5, '2019-02-22 11:42:03', '2019-02-22 11:42:03'),
(271, 49, 'Dr. Mercedes Jerde', 'Dolorum cumque molestiae maiores non. Id id rem aliquid sit sequi. Reprehenderit sit molestiae enim maxime.', 3, '2019-02-22 11:42:03', '2019-02-22 11:42:03'),
(272, 7, 'Kody Cremin V', 'Voluptatem laborum nemo voluptas quasi sit et nobis. Ullam ducimus enim alias magnam ut. Doloremque qui ad dolor.', 3, '2019-02-22 11:42:03', '2019-02-22 11:42:03'),
(273, 12, 'Lucious Ritchie', 'Molestiae deleniti harum autem beatae ut reiciendis. Sapiente accusantium quis ratione ipsa aut ut nulla. Dolor dicta laudantium necessitatibus qui vel dolor.', 2, '2019-02-22 11:42:03', '2019-02-22 11:42:03'),
(274, 40, 'Bradly Shanahan', 'Autem nulla error minus aspernatur aut. Impedit blanditiis vel enim sapiente enim. Velit sed magni officia eaque iure modi nesciunt. Eum eius voluptatem et incidunt eaque dolore in quam.', 4, '2019-02-22 11:42:03', '2019-02-22 11:42:03'),
(275, 14, 'Victor Vandervort', 'Et dolor est atque in sed et. Praesentium in ex asperiores odit corrupti nostrum ut dolor. Doloremque iusto dolorem et voluptates dolores placeat architecto. Eveniet reiciendis fuga provident. Qui quis accusamus reprehenderit odio debitis aut.', 2, '2019-02-22 11:42:03', '2019-02-22 11:42:03'),
(276, 44, 'Parker Buckridge', 'Id delectus ut veritatis rem accusantium nihil dolores. Eos sed saepe suscipit est perspiciatis magni ut. Numquam possimus dolorem at sint.', 2, '2019-02-22 11:42:03', '2019-02-22 11:42:03'),
(277, 12, 'Bobby Cremin', 'Dolore est dicta nihil blanditiis debitis. Quaerat voluptas dolor eum tenetur pariatur libero ea error. Et voluptates a reiciendis consequatur similique dignissimos vero quis. Est molestiae ipsam possimus animi fugit.', 0, '2019-02-22 11:42:03', '2019-02-22 11:42:03'),
(278, 41, 'Hermina Metz IV', 'Corrupti perspiciatis excepturi sit et minima. Porro quam et aut dolorem. Vel corporis cum qui fugit. In velit vitae esse et.', 0, '2019-02-22 11:42:03', '2019-02-22 11:42:03'),
(279, 2, 'Fanny O\'Connell', 'Blanditiis eligendi consequatur cum ad voluptatum. Magni vel fugit ea a placeat magni. Laborum optio blanditiis ducimus aut voluptatum.', 5, '2019-02-22 11:42:03', '2019-02-22 11:42:03'),
(280, 50, 'Dr. Catharine Veum', 'Quo cumque sapiente tempore veritatis commodi. Nam et vitae recusandae officiis. Neque ullam sint accusamus nostrum. Culpa reiciendis soluta mollitia doloremque sunt laborum ut nobis.', 5, '2019-02-22 11:42:03', '2019-02-22 11:42:03'),
(281, 35, 'Margaret Jacobs I', 'Eum quo magnam alias magni. Est voluptatem incidunt exercitationem autem et quis. Voluptatem nam dicta dolorum quo est.', 1, '2019-02-22 11:42:03', '2019-02-22 11:42:03'),
(282, 31, 'Miss Gerda Klocko', 'Autem quaerat et quod consequatur ut dolorum eum. Autem vel minima odit impedit molestias provident aut. Ea consequatur voluptatem et maxime. Molestiae exercitationem velit vel.', 2, '2019-02-22 11:42:03', '2019-02-22 11:42:03'),
(283, 31, 'Kraig Schaefer IV', 'Non libero est pariatur sed dolorem quo aperiam commodi. Est maxime voluptatem pariatur aliquam atque. Reprehenderit nam in dolorem qui.', 5, '2019-02-22 11:42:03', '2019-02-22 11:42:03'),
(284, 20, 'Dr. Jermey Corkery Jr.', 'Est ab dolorem quod alias quisquam et. Quia porro cum aut corrupti. Esse esse expedita ipsa sed dolore id molestiae. Dignissimos magnam libero quod maxime.', 2, '2019-02-22 11:42:03', '2019-02-22 11:42:03'),
(285, 31, 'Fay Gislason', 'Laudantium sit aliquid veritatis in consequatur voluptate minus. Modi optio ea recusandae placeat facere autem. Officiis tenetur perspiciatis vero illum praesentium dolorem. Est rerum quia veritatis magni nihil dignissimos.', 3, '2019-02-22 11:42:03', '2019-02-22 11:42:03'),
(286, 33, 'Scot Schulist', 'Ut asperiores assumenda error doloribus molestiae. Eaque aspernatur occaecati sequi omnis inventore ipsa. Eligendi error ut aut blanditiis quae consequatur. Quas alias aut ad.', 0, '2019-02-22 11:42:03', '2019-02-22 11:42:03'),
(287, 40, 'Dr. Derick Nolan', 'Iste eum reprehenderit esse iste vero velit dolorum consequatur. Aut dicta nulla explicabo maiores.', 4, '2019-02-22 11:42:03', '2019-02-22 11:42:03'),
(288, 49, 'Alison Macejkovic', 'Nisi quia pariatur rerum nihil sunt. Tempore odio quo commodi saepe. Recusandae aliquid inventore eaque similique laudantium rem blanditiis.', 5, '2019-02-22 11:42:03', '2019-02-22 11:42:03'),
(289, 50, 'Jedidiah Heidenreich', 'Rem eaque et consequatur. Ut odit maiores magni suscipit ut minima. Consequatur quia fuga doloremque cum dolores. Pariatur nihil aliquam corrupti quis.', 2, '2019-02-22 11:42:03', '2019-02-22 11:42:03'),
(290, 21, 'Rafaela Wilderman', 'Consectetur aperiam pariatur officia ullam beatae impedit mollitia dolore. Nihil ea voluptatum velit et. Rerum minima consequatur illum reiciendis in.', 3, '2019-02-22 11:42:03', '2019-02-22 11:42:03'),
(291, 48, 'Nathaniel Kessler', 'Ipsam officia omnis occaecati commodi nostrum. Amet tempore rem veritatis vel voluptate. Eum tempora enim non aspernatur.', 0, '2019-02-22 11:42:03', '2019-02-22 11:42:03'),
(292, 41, 'Mckenzie Morissette III', 'Dolores beatae autem corrupti recusandae veniam. Assumenda perferendis et dolores dolorem soluta non minima. Nesciunt autem cumque inventore sit.', 0, '2019-02-22 11:42:03', '2019-02-22 11:42:03'),
(293, 6, 'Hubert Harris', 'Totam quia impedit minima tempora dolorem. Dolor occaecati aut consequuntur voluptas est laborum.', 2, '2019-02-22 11:42:03', '2019-02-22 11:42:03'),
(294, 14, 'Logan Balistreri', 'Perferendis quaerat nisi tempore. Nisi enim itaque quas.', 4, '2019-02-22 11:42:03', '2019-02-22 11:42:03'),
(295, 12, 'Bryana Medhurst', 'Beatae nesciunt amet necessitatibus vel sunt aut. Aut ad qui nemo maxime porro ea. Ut velit cum deleniti rerum provident. Est et temporibus corrupti voluptas iste est.', 4, '2019-02-22 11:42:03', '2019-02-22 11:42:03'),
(296, 20, 'Prof. Patrick Paucek', 'Unde dolores asperiores ut ullam. Quidem rem non mollitia perspiciatis labore voluptas.', 0, '2019-02-22 11:42:03', '2019-02-22 11:42:03'),
(297, 8, 'Nico Fritsch', 'Vero quos omnis asperiores sunt vitae. Aut debitis quo aliquam ipsum. Iste quas magnam deserunt optio doloremque molestiae voluptas facere. Dolores sed et facere et.', 1, '2019-02-22 11:42:03', '2019-02-22 11:42:03'),
(298, 11, 'Jayden Hoeger', 'Porro enim qui consequuntur quo. Quos aut aliquid alias. Eum beatae ut ducimus et fugit.', 3, '2019-02-22 11:42:03', '2019-02-22 11:42:03'),
(299, 14, 'Sienna Schmidt', 'Beatae repudiandae voluptatem a similique sequi dicta harum. Iste omnis laboriosam magnam nihil est minus maxime. Tenetur qui ducimus aliquid reprehenderit reiciendis facilis et.', 0, '2019-02-22 11:42:03', '2019-02-22 11:42:03'),
(300, 8, 'Mr. Cullen O\'Keefe', 'Inventore at dolorem vero odit ipsa provident expedita consequatur. Doloremque voluptas dolorem recusandae voluptatibus dolorem magnam magni expedita. Id eos enim minima facere cum exercitationem sint nam. Assumenda sapiente voluptatem modi libero aliquam pariatur. Eius dolorem numquam consequatur sint et dolorem quas.', 3, '2019-02-22 11:42:03', '2019-02-22 11:42:03'),
(301, 5, 'aaa', 'best phone', 5, '2019-02-22 12:35:08', '2019-02-22 12:35:08');

-- --------------------------------------------------------

--
-- Table structure for table `users`
--

CREATE TABLE `users` (
  `id` int(10) UNSIGNED NOT NULL,
  `name` varchar(191) COLLATE utf8mb4_unicode_ci NOT NULL,
  `email` varchar(191) COLLATE utf8mb4_unicode_ci NOT NULL,
  `email_verified_at` timestamp NULL DEFAULT NULL,
  `password` varchar(191) COLLATE utf8mb4_unicode_ci NOT NULL,
  `remember_token` varchar(100) COLLATE utf8mb4_unicode_ci DEFAULT NULL,
  `created_at` timestamp NULL DEFAULT NULL,
  `updated_at` timestamp NULL DEFAULT NULL
) ENGINE=InnoDB DEFAULT CHARSET=utf8mb4 COLLATE=utf8mb4_unicode_ci;

--
-- Dumping data for table `users`
--

INSERT INTO `users` (`id`, `name`, `email`, `email_verified_at`, `password`, `remember_token`, `created_at`, `updated_at`) VALUES
(1, 'Marcella Erdman', 'lucio.kessler@example.org', '2019-02-22 11:42:02', '$2y$10$TKh8H1.PfQx37YgCzwiKb.KjNyWgaHb9cbcoQgdIVFlYg7B77UdFm', 'oVR0fv2T0Y', '2019-02-22 11:42:02', '2019-02-22 11:42:02'),
(2, 'Willis Balistreri Sr.', 'sohara@example.com', '2019-02-22 11:42:02', '$2y$10$TKh8H1.PfQx37YgCzwiKb.KjNyWgaHb9cbcoQgdIVFlYg7B77UdFm', 'Hq2yTUnhq4', '2019-02-22 11:42:02', '2019-02-22 11:42:02'),
(3, 'Gideon Bergnaum', 'jpurdy@example.net', '2019-02-22 11:42:02', '$2y$10$TKh8H1.PfQx37YgCzwiKb.KjNyWgaHb9cbcoQgdIVFlYg7B77UdFm', 'OJKvCtrWQ5', '2019-02-22 11:42:02', '2019-02-22 11:42:02'),
(4, 'Velva Ferry DDS', 'yadira15@example.com', '2019-02-22 11:42:02', '$2y$10$TKh8H1.PfQx37YgCzwiKb.KjNyWgaHb9cbcoQgdIVFlYg7B77UdFm', 'Qu1rAWHV69', '2019-02-22 11:42:02', '2019-02-22 11:42:02'),
(5, 'Jordan Rau', 'gino42@example.org', '2019-02-22 11:42:02', '$2y$10$TKh8H1.PfQx37YgCzwiKb.KjNyWgaHb9cbcoQgdIVFlYg7B77UdFm', '3y4K70YRgS', '2019-02-22 11:42:02', '2019-02-22 11:42:02');

--
-- Indexes for dumped tables
--

--
-- Indexes for table `migrations`
--
ALTER TABLE `migrations`
  ADD PRIMARY KEY (`id`);

--
-- Indexes for table `oauth_access_tokens`
--
ALTER TABLE `oauth_access_tokens`
  ADD PRIMARY KEY (`id`),
  ADD KEY `oauth_access_tokens_user_id_index` (`user_id`);

--
-- Indexes for table `oauth_auth_codes`
--
ALTER TABLE `oauth_auth_codes`
  ADD PRIMARY KEY (`id`);

--
-- Indexes for table `oauth_clients`
--
ALTER TABLE `oauth_clients`
  ADD PRIMARY KEY (`id`),
  ADD KEY `oauth_clients_user_id_index` (`user_id`);

--
-- Indexes for table `oauth_personal_access_clients`
--
ALTER TABLE `oauth_personal_access_clients`
  ADD PRIMARY KEY (`id`),
  ADD KEY `oauth_personal_access_clients_client_id_index` (`client_id`);

--
-- Indexes for table `oauth_refresh_tokens`
--
ALTER TABLE `oauth_refresh_tokens`
  ADD PRIMARY KEY (`id`),
  ADD KEY `oauth_refresh_tokens_access_token_id_index` (`access_token_id`);

--
-- Indexes for table `password_resets`
--
ALTER TABLE `password_resets`
  ADD KEY `password_resets_email_index` (`email`);

--
-- Indexes for table `products`
--
ALTER TABLE `products`
  ADD PRIMARY KEY (`id`),
  ADD KEY `products_user_id_index` (`user_id`);

--
-- Indexes for table `reviews`
--
ALTER TABLE `reviews`
  ADD PRIMARY KEY (`id`),
  ADD KEY `reviews_product_id_foreign` (`product_id`);

--
-- Indexes for table `users`
--
ALTER TABLE `users`
  ADD PRIMARY KEY (`id`),
  ADD UNIQUE KEY `users_email_unique` (`email`);

--
-- AUTO_INCREMENT for dumped tables
--

--
-- AUTO_INCREMENT for table `migrations`
--
ALTER TABLE `migrations`
  MODIFY `id` int(10) UNSIGNED NOT NULL AUTO_INCREMENT, AUTO_INCREMENT=39;

--
-- AUTO_INCREMENT for table `oauth_clients`
--
ALTER TABLE `oauth_clients`
  MODIFY `id` int(10) UNSIGNED NOT NULL AUTO_INCREMENT, AUTO_INCREMENT=3;

--
-- AUTO_INCREMENT for table `oauth_personal_access_clients`
--
ALTER TABLE `oauth_personal_access_clients`
  MODIFY `id` int(10) UNSIGNED NOT NULL AUTO_INCREMENT, AUTO_INCREMENT=2;

--
-- AUTO_INCREMENT for table `products`
--
ALTER TABLE `products`
  MODIFY `id` int(10) UNSIGNED NOT NULL AUTO_INCREMENT, AUTO_INCREMENT=51;

--
-- AUTO_INCREMENT for table `reviews`
--
ALTER TABLE `reviews`
  MODIFY `id` int(10) UNSIGNED NOT NULL AUTO_INCREMENT, AUTO_INCREMENT=302;

--
-- AUTO_INCREMENT for table `users`
--
ALTER TABLE `users`
  MODIFY `id` int(10) UNSIGNED NOT NULL AUTO_INCREMENT, AUTO_INCREMENT=6;

--
-- Constraints for dumped tables
--

--
-- Constraints for table `reviews`
--
ALTER TABLE `reviews`
  ADD CONSTRAINT `reviews_product_id_foreign` FOREIGN KEY (`product_id`) REFERENCES `products` (`id`) ON DELETE CASCADE;
COMMIT;

/*!40101 SET CHARACTER_SET_CLIENT=@OLD_CHARACTER_SET_CLIENT */;
/*!40101 SET CHARACTER_SET_RESULTS=@OLD_CHARACTER_SET_RESULTS */;
/*!40101 SET COLLATION_CONNECTION=@OLD_COLLATION_CONNECTION */;
